timestamp_ms,open,high,low,close,volume
1666137600000,7.999,8.595,6.564,7.3,347173539.6999999881
1666224000000,7.301,7.74,6.9,7.357,147099164.900000006
1666310400000,7.357,7.68,6.981,7.49,123913199.5
1666396800000,7.49,9.28,7.333,8.937,229428158
1666483200000,8.937,10.2,8.851,9.754,388443586.1000000238
1666569600000,9.754,9.962,9.224,9.52,224086175.3000000119
1666656000000,9.52,9.555,8.512,8.775,204121343.8000000119
1666742400000,8.775,9.28,8.601,9.191,156974817
1666828800000,9.191,9.63,8.58,8.698,134977354.5
1666915200000,8.698,8.826,7.922,8.173,132186233.200000003
1667001600000,8.174,8.367,7.586,7.952,97029881.200000003
1667088000000,7.95,8.384,7.588,7.796,73307527.299999997
1667174400000,7.796,8.219,7.656,7.927,66278031.8999999985
1667260800000,7.928,8.318,7.81,8.188,72946418.799999997
1667347200000,8.191,8.206,7.087,7.37,81809434.700000003
1667433600000,7.37,7.559,7.161,7.227,39734281.3999999985
1667520000000,7.227,7.785,7.154,7.65,44140453.6000000015
1667606400000,7.651,7.999,7.512,7.62,47260279.3999999985
1667692800000,7.621,8.228,7.216,7.304,96953189.099999994
1667779200000,7.303,7.459,6.79,6.998,62905652.700000003
1667865600000,6.998,7.02,4.462,5.368,125177189.5
1667952000000,5.368,5.383,3.437,3.9441,123170924.400000006
1668038400000,3.9448,5.483,3.8359,5.1515,100259381.5
1668124800000,5.151,5.3449,4.463,5.18,59087551.6000000015
1668211200000,5.1793,5.1829,4.4254,4.543,32735158.6000000015
1668297600000,4.5426,4.615,4.1107,4.2162,36186656.799999997
1668384000000,4.2164,4.5105,3.752,4.1905,48518191.6000000015
1668470400000,4.19,4.714,4.1072,4.3344,44740285.299999997
1668556800000,4.3344,4.9666,4.151,4.4966,92938739.099999994
1668643200000,4.4971,4.85,4.3503,4.6575,90241437.099999994
1668729600000,4.6579,4.9269,4.5114,4.716,53395487.1000000015
1668816000000,4.7159,4.7699,4.5,4.6212,24752078.8000000007
1668902400000,4.6189,4.634,4.0267,4.0982,27528922.1000000015
1668988800000,4.0983,4.1475,3.8557,4.0603,36100488.799999997
1669075200000,4.0612,4.521,3.8509,4.3146,38263673.700000003
1669161600000,4.3149,4.597,4.239,4.438,29788386.8000000007
1669248000000,4.438,4.7313,4.2221,4.4358,39926594
1669334400000,4.4355,4.5525,4.2517,4.4247,27920332.1999999993
1669420800000,4.4246,5.037,4.4036,4.7656,68705267.900000006
1669507200000,4.7643,5.0277,4.6041,4.7916,36960327.6000000015
1669593600000,4.7906,4.7918,4.2939,4.4746,32149916.1000000015
1669680000000,4.4735,4.799,4.4101,4.6698,27265331.6000000015
1669766400000,4.6693,4.8798,4.535,4.7675,25020703.6000000015
1669852800000,4.7675,4.7883,4.572,4.65,16241139.1999999993
1669939200000,4.6512,5.0608,4.5038,4.8975,33701145.6000000015
1670025600000,4.8976,5.2413,4.8715,5.1106,92549196
1670112000000,5.1109,5.37,5.0505,5.1789,63522210
1670198400000,5.1789,5.4279,5,5.1577,49667507.3999999985
1670284800000,5.1577,5.4199,4.8463,5.0422,35919926.6000000015
1670371200000,5.0417,5.0523,4.58,4.8146,29158584.3000000007
1670457600000,4.8145,4.9402,4.6813,4.9137,24805113.6000000015
1670544000000,4.9136,4.9478,4.7264,4.804,15753537.4000000004
1670630400000,4.8039,4.838,4.7534,4.7792,8718873.8000000007
1670716800000,4.7794,4.9,4.608,4.66,14917400.8000000007
1670803200000,4.6599,4.7095,4.3,4.523,20566719.6999999993
1670889600000,4.5235,4.6675,4.2711,4.6217,24165463.5
1670976000000,4.6207,4.7539,4.4688,4.696,21632914.1999999993
1671062400000,4.6963,4.7931,4.502,4.6641,31486869.1000000015
1671148800000,4.6634,4.7414,3.9603,4.0409,29279140.8000000007
1671235200000,4.0407,4.1466,3.9501,4.0854,20127618.8000000007
1671321600000,4.0855,4.1025,3.9676,4.0483,11914321.4000000004
1671408000000,4.0482,4.1394,3.6611,3.8027,30354171.3999999985
1671494400000,3.8029,3.9292,3.7815,3.8921,22229072.3999999985
1671580800000,3.8924,3.9039,3.674,3.7614,20020642.8999999985
1671667200000,3.7614,3.7836,3.562,3.7066,21752387.8999999985
1671753600000,3.7066,3.8096,3.6869,3.747,17509523
1671840000000,3.7461,3.7783,3.6615,3.6916,10748170.0999999996
1671926400000,3.6923,3.7186,3.5211,3.5756,19413712.3999999985
1672012800000,3.5755,3.6495,3.552,3.6439,15890050.1999999993
1672099200000,3.6433,3.67,3.5211,3.5953,17460357.6000000015
1672185600000,3.5952,3.6095,3.13,3.2296,44225911.1000000015
1672272000000,3.2296,3.2545,3.06,3.2054,33310509.3999999985
1672358400000,3.2057,3.5,3.1113,3.4143,50880940.799999997
1672444800000,3.4135,3.538,3.3205,3.4466,58357511.200000003
1672531200000,3.4471,3.5497,3.4051,3.5185,34086670.5
1672617600000,3.5185,3.9,3.44,3.7563,52706346.6000000015
1672704000000,3.7557,3.922,3.65,3.8178,50074074.6000000015
1672790400000,3.8177,4.0284,3.6991,3.8093,47575968.5
1672876800000,3.8092,3.8497,3.6423,3.7079,29334513.8999999985
1672963200000,3.7075,3.91,3.584,3.8574,35085138.6000000015
1673049600000,3.8575,3.8993,3.781,3.8327,14371184.4000000004
1673136000000,3.834,3.9677,3.7312,3.9317,23698276.1000000015
1673222400000,3.9307,5.722,3.8917,5.2094,186988054.3000000119
1673308800000,5.2086,5.95,4.9356,5.4835,316508922.3000000119
1673395200000,5.4851,5.5293,5.0036,5.2925,152160376.900000006
1673481600000,5.2935,6.5938,5.0249,6.4495,223214952.5
1673568000000,6.4502,7.2,6.1962,6.8109,279538726.1000000238
1673654400000,6.8109,8.3,6.7592,7.7155,243106050.6999999881
1673740800000,7.7155,8.88,7.0354,7.9277,239641910.6999999881
1673827200000,7.9266,8.6514,7.53,8.1324,204219813.3000000119
1673913600000,8.1337,8.3146,7.55,7.6113,110585388
1674000000000,7.6115,8.5,7.01,7.6262,187559906.8000000119
1674086400000,7.6217,8.1075,7.5266,7.8696,127177275.200000003
1674172800000,7.8693,11.5,7.7518,10.9529,276699135.3000000119
1674259200000,10.9529,13.4782,10.5023,11.76,333840321.5
1674345600000,11.7594,14.5891,11.7301,13.3001,264954734.900000006
1674432000000,13.3,14.445,12.6101,12.677,154557907
1674518400000,12.6771,13.5778,11.76,12.3168,122624388.799999997
1674604800000,12.3159,19,12.2203,18.3093,340243618
1674691200000,18.3119,20.44,17.131,18.1472,266701841
1674777600000,18.1476,18.79,17.1408,17.7571,129472825.799999997
1674864000000,17.757,19,16.56,17.8006,145213441.900000006
1674950400000,17.8,19,17.36,18.3404,105399546.799999997
1675036800000,18.3406,20.39,16.1677,17.1905,193442655.099999994
1675123200000,17.1906,17.4224,16.106,16.7285,113345848.099999994
1675209600000,16.7286,18.42,15.5798,18.2499,132499829.099999994
1675296000000,18.25,18.7,16.8393,17.2179,97957250.900000006
1675382400000,17.2178,17.4749,16.5088,17.0203,71785981.400000006
1675468800000,17.0203,17.0796,16.2661,16.4884,39175602
1675555200000,16.4885,17.1,14.605,15.4306,78583539
1675641600000,15.4316,15.9777,14.3331,14.955,87160392.400000006
1675728000000,14.955,16.24,14.943,16.0568,90343003.200000003
1675814400000,16.0568,16.3617,14.7096,15.0865,64066299.299999997
1675900800000,15.0866,15.1814,12.63,13.3185,96911558.900000006
1675987200000,13.3186,13.756,12.582,13.653,93094469.900000006
1676073600000,13.653,14.588,13.23,13.878,77683320.799999997
1676160000000,13.877,14.18,12.914,13.097,49411838
1676246400000,13.098,13.8,12.334,13.726,88876206.400000006
1676332800000,13.726,14.779,13.459,14.741,106686486
1676419200000,14.741,16.5,14.085,15.945,72435017.400000006
1676505600000,15.945,16.7,14.487,14.693,83573643
1676592000000,14.691,15.134,14.091,14.736,62477705.1000000015
1676678400000,14.735,14.987,14.127,14.428,29250301.3999999985
1676764800000,14.428,14.825,13.63,14.077,44801572.6000000015
1676851200000,14.077,14.398,13.58,14.22,35756149.700000003
1676937600000,14.221,14.28,13.037,13.442,36361926.700000003
1677024000000,13.44,13.98,12.748,13.885,51262692.799999997
1677110400000,13.885,14.157,13.193,13.446,39655743.8999999985
1677196800000,13.445,13.8,12.37,12.838,40727301
1677283200000,12.837,12.888,11.5,12.238,42804175.3999999985
1677369600000,12.238,12.935,12.115,12.634,32477994.6999999993
1677456000000,12.633,13.064,12.095,12.368,35704619.3999999985
1677542400000,12.37,12.439,11.756,11.884,39595678.8999999985
1677628800000,11.885,13.496,11.815,13.443,70904060.799999997
1677715200000,13.443,13.721,12.541,12.841,53564190.8999999985
1677801600000,12.841,12.885,11.19,11.732,50119855.200000003
1677888000000,11.732,11.836,10.61,11.257,41568826.6000000015
1677974400000,11.257,11.536,11.016,11.153,38299847.1000000015
1678060800000,11.152,11.506,10.945,11.281,33817764.8999999985
1678147200000,11.282,11.723,10.662,11.121,43238806.6000000015
1678233600000,11.12,11.2,10.205,10.512,44026387.8999999985
1678320000000,10.511,11.467,10.406,11.111,97987702
1678406400000,11.108,11.662,9.7,10.782,179002648.3000000119
1678492800000,10.782,11.097,9.886,10.432,82597971.200000003
1678579200000,10.432,12.092,10.029,11.88,74857372.799999997
1678665600000,11.881,12.778,11.4,12.309,92973789.400000006
1678752000000,12.309,14.644,11.967,13.579,107833009.5
1678838400000,13.578,14.199,11.942,12.233,87635820.099999994
1678924800000,12.233,12.468,11.805,12.341,57489211.799999997
1679011200000,12.342,13.681,12.087,13.508,67589422.299999997
1679097600000,13.508,14.24,12.601,12.79,59491112.299999997
1679184000000,12.79,13.518,12.65,13.025,44935125.799999997
1679270400000,13.025,13.166,11.971,12.096,39879846.799999997
1679356800000,12.095,12.529,11.641,12.257,38104142.5
1679443200000,12.257,13.199,11.71,13.115,58489672
1679529600000,13.114,13.335,12.362,13.275,53454180.6000000015
1679616000000,13.274,13.276,12.01,12.201,35895573.6000000015
1679702400000,12.202,12.262,11.368,11.581,23006855.6000000015
1679788800000,11.58,12.009,11.395,11.842,18262797.6000000015
1679875200000,11.843,12.034,10.823,11.126,29157739.6999999993
1679961600000,11.126,11.33,10.811,11.258,25049181.3999999985
1680048000000,11.259,11.786,11.207,11.624,22509832.6000000015
1680134400000,11.624,11.841,10.837,11.154,27204364.1999999993
1680220800000,11.154,11.448,11.041,11.377,21277050.8000000007
1680307200000,11.377,11.516,11.052,11.265,11280086.4000000004
1680393600000,11.265,12.55,11.145,12.157,70149138.5
1680480000000,12.157,12.16,10.98,11.333,46569405.6000000015
1680566400000,11.333,11.57,11.104,11.464,18450918
1680652800000,11.464,12.04,11.214,11.539,23164718.3000000007
1680739200000,11.54,11.7,11.215,11.454,22085455.6000000015
1680825600000,11.454,11.505,11.028,11.152,13831387.5
1680912000000,11.152,11.3,10.6,11.021,14819606.9000000004
1680998400000,11.021,11.146,10.842,11.064,11750150.8000000007
1681084800000,11.064,11.495,10.884,11.45,13301766.8000000007
1681171200000,11.449,12.13,11.318,11.73,36146425.8999999985
1681257600000,11.728,11.989,11.02,11.356,34176284.700000003
1681344000000,11.356,12.529,11.247,12.373,43161050.200000003
1681430400000,12.374,13.63,12.175,12.682,66897041.799999997
1681516800000,12.683,12.924,12.413,12.572,20498741.1999999993
1681603200000,12.571,12.756,12.271,12.597,16244705.6999999993
1681689600000,12.596,12.858,12.1,12.317,24600010.5
1681776000000,12.317,12.786,12.12,12.732,19895161.1000000015
1681862400000,12.731,13.175,11.1,11.3,31014438.3999999985
1681948800000,11.299,11.483,10.8,11.033,24780980.8000000007
1682035200000,11.033,11.192,9.73,10.146,29915337.1999999993
1682121600000,10.146,10.437,9.965,10.321,18084165.3000000007
1682208000000,10.322,10.338,9.702,10.209,19574411.1000000015
1682294400000,10.208,10.43,9.96,10.222,24936415
1682380800000,10.22,10.479,9.76,10.363,29706869
1682467200000,10.362,10.881,9.409,10.014,40544646.1000000015
1682553600000,10.014,10.4,9.913,10.173,27496256.1999999993
1682640000000,10.173,10.24,9.858,10.151,17688578.8000000007
1682726400000,10.152,10.863,10.1,10.727,42937404.6000000015
1682812800000,10.728,11,10.26,10.315,25527290.5
1682899200000,10.316,10.348,9.762,9.919,22107928.3000000007
1682985600000,9.919,10.011,9.75,9.922,16455863.6999999993
1683072000000,9.923,10.144,9.447,10.018,32272940.6999999993
1683158400000,10.018,10.032,9.555,9.674,16347686.5
1683244800000,9.673,9.893,9.48,9.834,18302140.8999999985
1683331200000,9.834,9.918,9,9.204,26238132.6000000015
1683417600000,9.205,9.424,9.128,9.2,14545409.8000000007
1683504000000,9.2,9.263,7.965,8.304,32876404.6999999993
1683590400000,8.304,8.407,8.108,8.344,16589404.9000000004
1683676800000,8.344,8.77,8,8.595,28285893.3000000007
1683763200000,8.595,8.603,7.847,8.058,27543682.3000000007
1683849600000,8.058,8.345,7.721,8.293,25294023
1683936000000,8.293,8.361,8.155,8.282,12366949.8000000007
1684022400000,8.282,8.726,8.071,8.47,18711640.8000000007
1684108800000,8.471,8.999,8.283,8.578,25028689.3000000007
1684195200000,8.579,8.741,8.426,8.532,17737684.8999999985
1684281600000,8.532,8.876,8.319,8.711,21794332.6000000015
1684368000000,8.712,8.748,8.323,8.524,17513383.6000000015
1684454400000,8.523,8.551,8.359,8.428,10574021.8000000007
1684540800000,8.429,8.51,8.322,8.449,5936143.7999999998
1684627200000,8.448,8.486,8.039,8.156,10505554
1684713600000,8.156,8.218,7.968,8.1,10560799.5999999996
1684800000000,8.1,8.558,8.007,8.504,14933168.8000000007
1684886400000,8.504,8.519,7.864,8.074,16340555.9000000004
1684972800000,8.074,8.099,7.736,7.968,11727026.4000000004
1685059200000,7.969,8.149,7.818,8.062,10903633.0999999996
1685145600000,8.062,8.261,8.032,8.226,6851509.5999999996
1685232000000,8.225,8.727,8.188,8.512,17396867.5
1685318400000,8.513,8.641,8.205,8.5,17702359.8999999985
1685404800000,8.501,8.599,8.377,8.484,13516615
1685491200000,8.483,8.793,8.137,8.345,21837784.3000000007
1685577600000,8.346,8.661,8.256,8.548,16622893.5999999996
1685664000000,8.547,9.189,8.322,9.04,28576625.6000000015
1685750400000,9.04,9.193,8.87,8.973,11935756.1999999993
1685836800000,8.973,9.42,8.806,9.173,21631204.8000000007
1685923200000,9.174,9.243,7.875,8.108,35342428.1000000015
1686009600000,8.109,8.35,7.611,8.23,25595413
1686096000000,8.231,8.234,7.619,7.696,20928728.8000000007
1686182400000,7.697,7.815,7.53,7.674,15226328.8000000007
1686268800000,7.675,7.779,7.263,7.439,20057568.8999999985
1686355200000,7.438,7.441,5.28,6.004,60871416
1686441600000,6.005,6.708,5.85,6.243,40148074.1000000015
1686528000000,6.243,6.463,6.072,6.25,42019321.1000000015
1686614400000,6.251,6.547,6.085,6.253,28566424.1999999993
1686700800000,6.253,6.428,5.892,6.019,26554155.1000000015
1686787200000,6.02,6.294,5.957,6.222,22045307.3000000007
1686873600000,6.223,6.335,6.01,6.296,20827215.3999999985
1686960000000,6.296,7.085,6.215,6.994,47554980.799999997
1687046400000,6.994,7.258,6.503,6.723,52475900.700000003
1687132800000,6.724,7.045,6.653,6.936,31803635.6999999993
1687219200000,6.937,7.3,6.642,7.211,38285001
1687305600000,7.212,7.599,7.084,7.45,36478616.200000003
1687392000000,7.449,7.828,7.222,7.354,32176641.6000000015
1687478400000,7.354,7.987,7.284,7.66,32815215.3000000007
1687564800000,7.659,7.746,7.138,7.338,25804890.3000000007
1687651200000,7.339,7.967,7.316,7.542,27471624.6999999993
1687737600000,7.542,7.733,7.162,7.28,35468789.700000003
1687824000000,7.279,7.538,7.24,7.429,20430962.8000000007
1687910400000,7.43,7.441,6.605,6.917,29829637.3000000007
1687996800000,6.917,7.576,6.873,7.147,32433192
1688083200000,7.147,7.506,6.641,7.243,40519803.5
1688169600000,7.244,7.394,7.016,7.388,19095961.8999999985
1688256000000,7.387,7.444,7.091,7.328,24256861.8000000007
1688342400000,7.328,7.634,7.298,7.511,26314541.3999999985
1688428800000,7.511,8.33,7.485,7.672,82252229.599999994
1688515200000,7.673,7.958,7.264,7.43,43366137.3999999985
1688601600000,7.43,7.704,7.068,7.101,41693654.1000000015
1688688000000,7.1,7.283,7.001,7.22,26365232
1688774400000,7.221,7.26,6.884,7.053,17134926.3000000007
1688860800000,7.054,7.251,7.006,7.089,15921202.5
1688947200000,7.089,7.201,6.798,7.089,28972169.3000000007
1689033600000,7.089,7.14,6.902,7.038,17146120
1689120000000,7.038,7.122,6.833,6.979,19688626.8000000007
1689206400000,6.979,7.724,6.923,7.573,36295094.799999997
1689292800000,7.574,7.996,7.081,7.371,50728572.1000000015
1689379200000,7.37,7.563,7.238,7.457,16737579.0999999996
1689465600000,7.459,7.632,7.299,7.407,17175164.6000000015
1689552000000,7.405,7.942,7.357,7.817,39043173.799999997
1689638400000,7.817,8.195,7.36,7.593,31863965.6999999993
1689724800000,7.593,7.716,7.43,7.542,14881365
1689811200000,7.543,7.692,7.321,7.427,14072755.8000000007
1689897600000,7.426,7.596,7.352,7.544,13485622.1999999993
1689984000000,7.544,7.758,7.516,7.661,17910065.8999999985
1690070400000,7.661,7.794,7.501,7.569,14075717.3000000007
1690156800000,7.568,7.591,6.985,7.049,19026548.8999999985
1690243200000,7.049,7.072,6.839,6.972,15970138.0999999996
1690329600000,6.972,7.124,6.808,7.016,16762679.1999999993
1690416000000,7.017,7.141,6.901,7.073,11812243.6999999993
1690502400000,7.072,7.11,6.97,7.064,8158038.5
1690588800000,7.064,7.142,7.043,7.134,5335903.0999999996
1690675200000,7.134,7.187,6.825,7.013,10751910.8000000007
1690761600000,7.013,7.1,6.924,7.031,10034703
1690848000000,7.031,7.079,6.7,7.065,13004032.3000000007
1690934400000,7.065,7.084,6.8,6.856,10845758.0999999996
1691020800000,6.856,6.921,6.704,6.768,11321374.8000000007
1691107200000,6.768,6.85,6.595,6.699,11820297.4000000004
1691193600000,6.698,6.734,6.62,6.716,7779051.9000000004
1691280000000,6.717,6.813,6.67,6.709,8337632.9000000004
1691366400000,6.709,6.786,6.43,6.669,14358611.5999999996
1691452800000,6.67,6.775,6.6,6.699,10638802.8000000007
1691539200000,6.699,7.963,6.661,7.404,179940382.099999994
1691625600000,7.403,7.623,7.112,7.161,104922959
1691712000000,7.161,7.165,6.96,7.095,31502419.1000000015
1691798400000,7.094,7.234,7.075,7.197,16098989.8000000007
1691884800000,7.198,7.25,7.019,7.05,15332311.5
1691971200000,7.051,7.14,6.982,7.073,9715294.6999999993
1692057600000,7.073,7.078,6.113,6.527,23366546.6000000015
1692144000000,6.527,6.542,5.91,6.179,28611813.3000000007
1692230400000,6.18,6.322,4.883,5.676,32923435.3999999985
1692316800000,5.675,5.9,5.469,5.827,26105675.1999999993
1692403200000,5.827,6.068,5.814,6.014,13076320.5999999996
1692489600000,6.013,6.18,5.916,6.063,12366647.8000000007
1692576000000,6.064,6.085,5.75,5.942,13565311.8000000007
1692662400000,5.941,5.973,5.601,5.842,17203179.1999999993
1692748800000,5.843,6.132,5.816,6.013,15987340.3000000007
1692835200000,6.014,6.053,5.705,5.811,10998934.1999999993
1692921600000,5.812,5.822,5.566,5.686,12657350.5
1693008000000,5.686,5.776,5.651,5.72,6016660.5
1693094400000,5.72,5.773,5.636,5.696,6782071.2000000002
1693180800000,5.697,5.749,5.526,5.727,11473545.9000000004
1693267200000,5.727,5.977,5.572,5.9,20907893.6999999993
1693353600000,5.9,5.955,5.592,5.78,10657640.5
1693440000000,5.78,5.807,5.42,5.509,12924046.1999999993
1693526400000,5.509,5.568,5.376,5.5,10829014.6999999993
1693612800000,5.5,5.65,5.485,5.57,8878481.5999999996
1693699200000,5.57,5.582,5.405,5.462,5844214.4000000004
1693785600000,5.463,5.576,5.416,5.511,8642643.5
1693872000000,5.511,5.554,5.401,5.526,7854599.7000000002
1693958400000,5.525,5.59,5.366,5.532,10195591.9000000004
1694044800000,5.532,5.67,5.473,5.635,11064421.4000000004
1694131200000,5.634,5.668,5.434,5.514,8799987.3000000007
1694217600000,5.515,5.53,5.442,5.477,4217698.2000000002
1694304000000,5.477,5.481,5.085,5.166,16475396.9000000004
1694390400000,5.167,5.184,4.853,5.009,23745307
1694476800000,5.007,5.225,4.955,5.033,19859914.5
1694563200000,5.033,5.338,5.016,5.183,23107535
1694649600000,5.183,5.315,5.132,5.212,13054030.0999999996
1694736000000,5.213,5.306,5.105,5.265,11634967.3000000007
1694822400000,5.266,5.361,5.241,5.314,9476153.5999999996
1694908800000,5.314,5.329,5.153,5.224,10744142.6999999993
1694995200000,5.224,5.37,5.152,5.178,13630723.5999999996
1695081600000,5.178,5.276,5.11,5.22,12522863.5999999996
1695168000000,5.22,5.254,5.054,5.164,10318348.0999999996
1695254400000,5.164,5.24,5.024,5.091,9715189.8000000007
1695340800000,5.092,5.154,5.041,5.128,5938813.0999999996
1695427200000,5.128,5.192,5.065,5.147,5755536.5999999996
1695513600000,5.148,5.397,5.096,5.314,43762453.299999997
1695600000000,5.313,5.819,5.28,5.562,86360153.900000006
1695686400000,5.561,5.643,5.17,5.311,35620947.6000000015
1695772800000,5.311,5.35,5.205,5.32,20459125.3999999985
1695859200000,5.319,5.409,5.267,5.326,20741245.6000000015
1695945600000,5.326,5.561,5.312,5.393,22025419.1999999993
1696032000000,5.393,5.512,5.318,5.485,13590119.5999999996
1696118400000,5.486,5.703,5.444,5.669,17527899.3000000007
1696204800000,5.67,5.758,5.33,5.437,24334153.1000000015
1696291200000,5.437,5.46,5.308,5.344,13217454.1999999993
1696377600000,5.344,5.345,5.1,5.317,13966006.0999999996
1696464000000,5.317,5.363,5.204,5.217,8380409.5
1696550400000,5.218,5.368,5.2,5.325,6591259
1696636800000,5.326,5.362,5.228,5.272,5299620.2999999998
1696723200000,5.273,5.294,5.187,5.197,4337014.7000000002
1696809600000,5.197,5.221,4.8,4.962,16681354.3000000007
1696896000000,4.962,4.997,4.814,4.912,10263930.1999999993
1696982400000,4.912,4.937,4.675,4.839,15233432
1697068800000,4.839,4.94,4.713,4.832,12414863.8000000007
1697155200000,4.832,4.98,4.797,4.892,9914227.0999999996
1697241600000,4.892,4.968,4.885,4.943,5261296.4000000004
1697328000000,4.942,4.961,4.851,4.924,6791025.5999999996
1697414400000,4.925,5.234,4.901,5.056,17479796.3999999985
1697500800000,5.055,5.152,4.84,5.003,18081011.6000000015
1697587200000,5.004,5.047,4.874,4.937,11456420.5
1697673600000,4.938,5.049,4.78,4.906,16455948.4000000004
1697760000000,4.906,5.204,4.882,5.047,13334427.8000000007
1697846400000,5.048,5.867,5.035,5.542,66917327.6000000015
1697932800000,5.543,6.266,5.448,6.154,110252085.799999997
1698019200000,6.154,6.394,5.774,6.198,73832895.5
1698105600000,6.198,6.636,5.906,6.29,66578134.3999999985
1698192000000,6.29,7.017,6.231,6.911,59028721.8999999985
1698278400000,6.911,6.971,6.23,6.527,37994757.6000000015
1698364800000,6.526,6.776,6.29,6.563,25981957.3999999985
1698451200000,6.563,6.856,6.546,6.839,22936231.3000000007
1698537600000,6.839,6.896,6.657,6.731,18139006.8999999985
1698624000000,6.732,6.987,6.665,6.869,23021290
1698710400000,6.869,7.444,6.693,7.04,43472193.8999999985
1698796800000,7.04,7.314,6.653,7.108,39189712.299999997
1698883200000,7.107,7.204,6.474,6.678,25342629.6999999993
1698969600000,6.678,6.736,6.365,6.698,16716770.1999999993
1699056000000,6.698,7.132,6.654,6.953,12867271.3000000007
1699142400000,6.952,7.154,6.682,6.871,18752081.3000000007
1699228800000,6.871,7.462,6.813,7.413,26084403.3000000007
1699315200000,7.413,7.675,7.001,7.264,29064362
1699401600000,7.264,7.536,7.096,7.419,16175274.5999999996
1699488000000,7.419,7.745,6.225,7.292,31975932
1699574400000,7.293,7.594,7.063,7.496,27500585.5
1699660800000,7.495,8.195,7.179,7.677,30104490.6000000015
1699747200000,7.678,8.479,7.214,7.819,34633620.8999999985
1699833600000,7.819,8.025,7.222,7.322,27574184.6000000015
1699920000000,7.319,7.368,6.733,7.123,26014752
1700006400000,7.123,7.776,7.071,7.694,21520675.3000000007
1700092800000,7.694,8.288,7.159,7.283,28200520.8000000007
1700179200000,7.283,7.675,6.927,7.257,21932375
1700265600000,7.257,7.26,6.7,7.072,15595629.8000000007
1700352000000,7.072,7.242,6.846,7.209,12199035.5
1700438400000,7.208,7.523,7.12,7.2,24210211.1999999993
1700524800000,7.199,7.5,6.723,6.775,29694823.8999999985
1700611200000,6.775,7.453,6.755,7.32,16495788.3000000007
1700697600000,7.321,7.423,7.134,7.229,9926803.5999999996
1700784000000,7.229,7.502,7.205,7.441,12626756.8000000007
1700870400000,7.441,7.62,7.307,7.41,10108600
1700956800000,7.41,7.5,7.009,7.275,13240607.6999999993
1701043200000,7.276,7.378,6.822,6.952,12713842.3000000007
1701129600000,6.952,7.074,6.724,7.028,11178490.0999999996
1701216000000,7.028,7.146,6.861,7.022,11985175.9000000004
1701302400000,7.023,7.126,6.93,6.98,9981775.1999999993
1701388800000,6.981,7.113,6.915,7.062,8042777.5
1701475200000,7.061,7.415,7.032,7.347,12614204.5999999996
1701561600000,7.348,7.525,7.223,7.31,10335935.5
1701648000000,7.31,7.872,6.825,7.778,32222347.3000000007
1701734400000,7.778,7.874,7.327,7.709,20508736.6999999993
1701820800000,7.71,7.891,7.318,7.388,21558170.3000000007
1701907200000,7.389,8.23,7.327,7.949,28333993.3000000007
1701993600000,7.948,8.656,7.838,8.503,29541801.8999999985
1702080000000,8.503,8.811,8.114,8.255,25599334.3999999985
1702166400000,8.255,8.486,7.975,8.44,16329628.4000000004
1702252800000,8.44,8.458,7.279,7.794,28388671.3000000007
1702339200000,7.795,9.228,7.792,9.116,51520856.8999999985
1702425600000,9.116,9.119,8.171,8.578,41237971.299999997
1702512000000,8.578,8.688,7.885,8.424,31545924.6999999993
1702598400000,8.424,8.433,8.059,8.225,20787879.1000000015
1702684800000,8.226,8.554,8.094,8.178,20115444.6999999993
1702771200000,8.178,8.381,7.979,8.05,17434960.1999999993
1702857600000,8.049,8.103,7.46,7.89,20778325.8000000007
1702944000000,7.889,8.118,7.687,8.095,20140155.6000000015
1703030400000,8.096,8.336,7.938,8.117,20269776.8999999985
1703116800000,8.117,8.709,8.02,8.528,19552911.8000000007
1703203200000,8.528,9.44,8.31,9.264,27363749.8999999985
1703289600000,9.265,10.161,8.984,9.318,44055539.3999999985
1703376000000,9.318,9.902,9.028,9.32,33393089
1703462400000,9.321,10.696,9.134,10.422,35891791.799999997
1703548800000,10.423,10.925,9.07,10.756,41572725.6000000015
1703635200000,10.757,10.995,10.008,10.151,23195646.8999999985
1703721600000,10.152,10.4,9.533,9.629,19949957.5
1703808000000,9.63,10.112,9.41,9.687,16707742.9000000004
1703894400000,9.686,9.827,9.37,9.393,9654375.1999999993
1703980800000,9.394,9.78,9.18,9.4,10501971.9000000004
1704067200000,9.401,10.04,9.234,9.953,8392493.6999999993
1704153600000,9.952,10.374,9.877,10.264,15571435.4000000004
1704240000000,10.264,10.411,7.585,9.061,33619128.700000003
1704326400000,9.06,11.14,8.794,10.322,53930353.1000000015
1704412800000,10.321,10.99,9.399,9.644,50267302.8999999985
1704499200000,9.644,9.701,8.852,9.047,23179611.6999999993
1704585600000,9.048,9.305,8.377,8.475,21721929.6999999993
1704672000000,8.477,8.86,7.78,8.807,25789993.8000000007
1704758400000,8.807,8.848,7.924,8.28,24223811.8000000007
1704844800000,8.279,9.099,7.961,8.885,26707583.8000000007
1704931200000,8.886,9.63,8.75,9.445,30330236.3000000007
1705017600000,9.446,9.944,8.39,9.019,38035795.1000000015
1705104000000,9.018,10.412,8.649,10.004,44477252.1000000015
1705190400000,10.005,10.078,9.52,9.678,29327479.3000000007
1705276800000,9.678,10.436,9.393,9.509,29731129.1000000015
1705363200000,9.509,9.6,9.149,9.437,16503202.6999999993
1705449600000,9.437,9.491,9.12,9.341,12822703.0999999996
1705536000000,9.342,9.521,8.64,8.724,19056001.8000000007
1705622400000,8.723,8.753,8.098,8.581,15852266.3000000007
1705708800000,8.582,8.594,8.333,8.571,7001142.0999999996
1705795200000,8.571,8.683,8.422,8.445,6491075.2999999998
1705881600000,8.444,8.526,7.908,8.049,17118239.1999999993
1705968000000,8.049,8.821,7.49,8.74,40452483.700000003
1706054400000,8.739,8.749,8.402,8.574,23010229.8000000007
1706140800000,8.575,8.637,8.202,8.332,13672158.3000000007
1706227200000,8.332,8.876,8.243,8.719,12169192.3000000007
1706313600000,8.72,9.347,8.665,9.12,13520959.3000000007
1706400000000,9.12,9.227,8.724,8.867,9789091.5999999996
1706486400000,8.867,9.458,8.831,9.212,18476825
1706572800000,9.212,9.508,9.006,9.066,12715316.1999999993
1706659200000,9.066,9.206,8.683,8.849,14479401.5
1706745600000,8.85,9.24,8.586,9.228,17848097.1000000015
1706832000000,9.227,9.516,9.124,9.408,16414687.3000000007
1706918400000,9.407,9.745,9.133,9.155,14483303
1707004800000,9.155,9.174,8.778,8.834,10393368.6999999993
1707091200000,8.835,9.077,8.533,8.665,14462671.0999999996
1707177600000,8.665,8.725,8.44,8.593,8515369.4000000004
1707264000000,8.593,8.857,8.48,8.788,9012764.5999999996
1707350400000,8.788,8.935,8.7,8.757,8510366.9000000004
1707436800000,8.758,9.167,8.726,9.093,11423464.6999999993
1707523200000,9.093,9.26,8.983,9.08,9423403.8000000007
1707609600000,9.079,9.28,8.96,9.045,9174875.8000000007
1707696000000,9.046,9.304,8.76,9.168,15306462.4000000004
1707782400000,9.168,9.305,8.83,9.212,17619482.1000000015
1707868800000,9.211,9.6,9.062,9.452,16439170
1707955200000,9.452,10.8,9.423,10.174,42840082.700000003
1708041600000,10.174,10.354,9.627,9.815,21572303.8999999985
1708128000000,9.814,9.839,9.2,9.705,13516264.3000000007
1708214400000,9.705,9.814,9.524,9.698,13230164.4000000004
1708300800000,9.7,10.279,9.696,10.127,23780665.8999999985
1708387200000,10.127,10.171,9.02,9.643,24972825.8999999985
1708473600000,9.643,9.874,8.859,9.243,20545238.3000000007
1708560000000,9.242,9.508,8.938,9.236,13802311.6999999993
1708646400000,9.235,9.353,8.888,9.126,11934359.3000000007
1708732800000,9.125,9.503,9.038,9.48,9314545.8000000007
1708819200000,9.48,9.73,9.32,9.667,9996231.5
1708905600000,9.668,10.406,9.33,10.156,22859797.3000000007
1708992000000,10.157,10.413,9.726,9.959,16033893.5
1709078400000,9.96,13.021,9.902,12.388,98057923.200000003
1709164800000,12.391,13.178,11.34,11.724,62503849.5
1709251200000,11.724,12.016,11.463,11.866,24295373.3999999985
1709337600000,11.867,12.282,11.518,12.154,21671184.8999999985
1709424000000,12.154,12.409,10.611,11.614,24476621.3999999985
1709510400000,11.614,12.671,11.338,12.102,32250526.6999999993
1709596800000,12.101,13.89,11.5,13.672,70883347.799999997
1709683200000,13.672,14.56,12.875,13.699,38582626.700000003
1709769600000,13.7,13.986,13.141,13.259,27686515.6999999993
1709856000000,13.259,13.582,12.571,13.235,21141177.6999999993
1709942400000,13.234,13.816,13.085,13.164,12040082.6999999993
1710028800000,13.165,13.454,12.417,12.756,14735912.6999999993
1710115200000,12.756,13.589,12.022,13.492,21514753.5
1710201600000,13.494,13.749,12.51,13.389,21786895.6000000015
1710288000000,13.388,13.8,12.845,13.165,16429143.0999999996
1710374400000,13.165,14.535,13.07,14.318,48787961.1000000015
1710460800000,14.317,15.225,12.064,15.133,56522355.200000003
1710547200000,15.139,15.705,12.926,13.322,43749599.700000003
1710633600000,13.321,15.764,13.245,14.036,43981750.200000003
1710720000000,14.036,15.454,13.719,14.435,46882287.700000003
1710806400000,14.435,16.769,13.554,15.449,96285084.700000003
1710892800000,15.451,15.959,14.028,15.602,51828454
1710979200000,15.602,16.39,14.757,15.038,31310215.6000000015
1711065600000,15.039,16.991,14.801,16.271,45105530.700000003
1711152000000,16.272,16.353,15.471,16.155,21363503.1000000015
1711238400000,16.154,16.867,15.806,16.358,22311527.6000000015
1711324800000,16.359,17.409,15.765,17.356,23293735
1711411200000,17.355,19.368,17.005,18.088,39457261.799999997
1711497600000,18.089,18.896,17.46,17.709,26806161.3000000007
1711584000000,17.709,18.309,16.934,17.391,17833315.3000000007
1711670400000,17.391,17.42,16.781,17.224,12672505.5999999996
1711756800000,17.223,17.715,16.535,16.625,12437471.6999999993
1711843200000,16.625,17.242,16.406,17.088,11926084.9000000004
1711929600000,17.087,17.915,16.222,16.706,35434016.700000003
1712016000000,16.703,16.709,14.652,14.715,26847025.8999999985
1712102400000,14.715,14.959,13.677,14.156,29782583.6000000015
1712188800000,14.155,14.75,13.853,14.165,12756975.3000000007
1712275200000,14.164,14.177,12.621,13.153,23825739.3999999985
1712361600000,13.153,13.542,12.887,13.225,14062702.0999999996
1712448000000,13.224,13.845,13.106,13.642,12402320.5
1712534400000,13.642,14.42,13.236,14.274,13035736.4000000004
1712620800000,14.273,14.312,12.69,12.742,17394652.6999999993
1712707200000,12.742,12.819,11.524,12.228,29739307.1000000015
1712793600000,12.228,12.536,11.736,11.862,17553481.5
1712880000000,11.862,12.223,8.422,9.775,42964252.3999999985
1712966400000,9.775,10.415,7.264,8.768,63889620.6000000015
1713052800000,8.768,9.759,8.402,9.577,28868218.3999999985
1713139200000,9.577,9.948,8.8,9.124,29607798
1713225600000,9.124,9.377,8.576,9.246,26429734.1999999993
1713312000000,9.246,9.65,8.842,9.137,25474556.3999999985
1713398400000,9.137,9.735,8.806,9.489,23756384
1713484800000,9.488,9.684,8.591,9.409,20947111.1000000015
1713571200000,9.409,10.279,9.27,10.236,12676135.5999999996
1713657600000,10.235,10.278,9.664,9.999,10133913.5999999996
1713744000000,10,10.394,9.823,10.173,14472121.3000000007
1713830400000,10.174,10.29,9.653,9.767,15388300.5999999996
1713916800000,9.768,10.019,9.057,9.147,21917345.6000000015
1714003200000,9.148,9.23,8.739,9.025,15681142.5999999996
1714089600000,9.026,9.111,8.718,8.844,13126565
1714176000000,8.844,9.107,8.28,8.998,12554696
1714262400000,8.997,9.231,8.93,8.985,7741450.4000000004
1714348800000,8.986,9.192,8.778,9.105,15735878.0999999996
1714435200000,9.105,9.277,8.125,8.697,25751305.6000000015
1714521600000,8.698,8.974,8.115,8.931,24420199.3000000007
1714608000000,8.931,8.961,8.462,8.845,11781539.5999999996
1714694400000,8.844,9.188,8.776,9.06,11269010.4000000004
1714780800000,9.06,9.302,8.985,9.114,10008144.8000000007
1714867200000,9.114,9.31,8.927,9.237,7429448.2999999998
1714953600000,9.237,9.575,8.975,8.99,13631546.5
1715040000000,8.99,9.15,8.745,8.773,9331527.5999999996
1715126400000,8.774,8.807,8.482,8.576,10993113.5
1715212800000,8.575,8.905,8.374,8.806,8913296
1715299200000,8.807,8.928,8.36,8.448,9869448.8000000007
1715385600000,8.448,8.563,8.293,8.386,5534881.2999999998
1715472000000,8.386,8.512,8.306,8.348,4462353.5999999996
1715558400000,8.349,8.545,7.904,8.178,15122861.9000000004
1715644800000,8.179,8.24,7.758,7.794,12097307.1999999993
1715731200000,7.793,8.567,7.708,8.478,11093189.6999999993
1715817600000,8.478,8.588,8.089,8.373,8956374.0999999996
1715904000000,8.373,8.705,8.274,8.572,8697008.3000000007
1715990400000,8.571,8.728,8.43,8.581,5941756.7000000002
1716076800000,8.581,8.691,8.067,8.107,7419284.7999999998
1716163200000,8.106,9.127,8.007,9.112,14640836.9000000004
1716249600000,9.112,9.448,8.904,9.321,13399762.3000000007
1716336000000,9.322,9.382,8.912,9.006,9670702.5
1716422400000,9.006,9.192,8.257,8.931,15823118.5
1716508800000,8.931,9.203,8.69,8.961,11488319
1716595200000,8.96,9.182,8.903,9.095,6054821.7999999998
1716681600000,9.095,9.223,8.928,9.053,6569854
1716768000000,9.052,9.75,9.043,9.663,10827382.3000000007
1716854400000,9.664,9.73,9.218,9.365,12497970.8000000007
1716940800000,9.365,9.552,9.044,9.096,9249240.5
1717027200000,9.095,9.494,8.856,9.186,10319275
1717113600000,9.185,9.283,8.975,9.147,8039759.4000000004
1717200000000,9.147,9.179,9.032,9.078,3046660.2000000002
1717286400000,9.078,9.17,8.8,8.925,4884485.4000000004
1717372800000,8.926,9.178,8.804,8.929,6875930.7999999998
1717459200000,8.928,9.248,8.764,9.162,8623833
1717545600000,9.162,9.383,9.161,9.318,6348059.0999999996
1717632000000,9.318,9.327,8.915,9.103,6145656.7999999998
1717718400000,9.103,9.408,7.699,8.593,16016042.5999999996
1717804800000,8.592,8.592,8.017,8.126,8595491.8000000007
1717891200000,8.126,8.628,8.027,8.592,7033603.2000000002
1717977600000,8.591,8.62,8.202,8.272,8394630.5999999996
1718064000000,8.273,8.363,7.729,7.967,13757773.4000000004
1718150400000,7.966,8.555,7.815,8.244,10992298
1718236800000,8.244,8.257,7.775,7.886,7025856.2000000002
1718323200000,7.886,8.106,7.4,7.685,10588544.6999999993
1718409600000,7.685,7.94,7.636,7.88,5048589.0999999996
1718496000000,7.879,7.964,7.73,7.897,4414163.7000000002
1718582400000,7.896,7.934,7.179,7.436,12452853.8000000007
1718668800000,7.436,7.461,6.263,6.82,24663413.8000000007
1718755200000,6.82,7.112,6.739,6.904,9349803.3000000007
1718841600000,6.904,7.177,6.702,6.905,11528940.6999999993
1718928000000,6.905,7.043,6.79,6.935,11090208.9000000004
1719014400000,6.936,6.939,6.802,6.854,4170263.3999999999
1719100800000,6.854,6.988,6.629,6.742,5294790.5999999996
1719187200000,6.741,6.96,6.32,6.946,13409533.4000000004
1719273600000,6.946,7.1,6.84,6.945,6293700.7000000002
1719360000000,6.945,7.015,6.705,6.843,5586713.5
1719446400000,6.843,7.095,6.732,7.033,5234162.2000000002
1719532800000,7.032,7.127,6.831,6.854,6635499.5999999996
1719619200000,6.854,7.049,6.836,6.9,3378359.2000000002
1719705600000,6.899,7.085,6.788,7.073,4851654.2000000002
1719792000000,7.073,7.24,7.002,7.052,6592672.0999999996
1719878400000,7.052,7.083,6.842,6.959,5550720.5999999996
1719964800000,6.959,6.997,6.534,6.598,8028889
1720051200000,6.598,6.652,5.928,5.97,14017712.3000000007
1720137600000,5.97,5.98,5.117,5.545,25943916
1720224000000,5.545,6.058,5.468,5.974,8484049.0999999996
1720310400000,5.975,5.991,5.551,5.581,8359794
1720396800000,5.581,5.975,5.318,5.832,16823525.6000000015
1720483200000,5.831,6.057,5.742,6.019,8299109
1720569600000,6.02,6.251,5.934,6.139,7900633.5999999996
1720656000000,6.139,6.4,6.01,6.031,7566572.5
1720742400000,6.03,6.138,5.901,6.105,5806345.9000000004
1720828800000,6.104,6.412,6.098,6.342,5204573.9000000004
1720915200000,6.342,6.707,6.323,6.629,7768589.7000000002
1721001600000,6.629,7.001,6.608,6.986,9588589.9000000004
1721088000000,6.985,7.168,6.608,7.066,10428910.1999999993
1721174400000,7.066,7.374,7.047,7.058,9405226.8000000007
1721260800000,7.059,7.147,6.823,6.996,7558965.2000000002
1721347200000,6.996,7.497,6.843,7.452,9071233.6999999993
1721433600000,7.452,7.489,7.251,7.357,4398576.2999999998
1721520000000,7.357,7.556,7.062,7.483,7478399.5
1721606400000,7.483,7.651,7.143,7.211,7101720.5999999996
1721692800000,7.211,7.358,6.914,7.139,8217903
1721779200000,7.138,7.197,6.76,6.806,5436893.5
1721865600000,6.806,6.835,6.413,6.615,7604347.2000000002
1721952000000,6.615,6.983,6.6,6.978,3818737
1722038400000,6.978,7.356,6.969,7.135,7478290.7000000002
1722124800000,7.134,7.138,6.778,6.842,4124535.6000000001
1722211200000,6.843,7.094,6.71,6.755,6739690.0999999996
1722297600000,6.755,6.876,6.498,6.588,5446090
1722384000000,6.587,6.689,6.379,6.406,6389314.7999999998
1722470400000,6.407,6.468,6.034,6.405,9958153.6999999993
1722556800000,6.406,6.443,5.901,6.004,8558414.0999999996
1722643200000,6.005,6.027,5.452,5.574,10434827.0999999996
1722729600000,5.574,5.632,5.108,5.336,9575568
1722816000000,5.337,5.391,4.295,4.98,50223775.8999999985
1722902400000,4.98,5.305,4.968,5.13,12275562.5999999996
1722988800000,5.13,5.327,4.939,5.078,13570934
1723075200000,5.079,5.765,4.982,5.762,11441826.8000000007
1723161600000,5.763,5.889,5.623,5.744,10382241.0999999996
1723248000000,5.744,6.376,5.683,6.267,14369873.3000000007
1723334400000,6.267,6.285,5.721,5.725,10813104.6999999993
1723420800000,5.724,6.844,5.715,6.433,27230522.5
1723507200000,6.433,6.937,6.146,6.791,18956881
1723593600000,6.791,6.965,6.574,6.679,16393542.3000000007
1723680000000,6.679,6.754,6.093,6.224,19148646.1000000015
1723766400000,6.223,6.503,5.78,5.911,18711912.3000000007
1723852800000,5.91,5.97,5.787,5.817,10634515.1999999993
1723939200000,5.817,5.983,5.763,5.779,11952157.1999999993
1724025600000,5.778,6.053,5.723,6.043,22869745.3000000007
1724112000000,6.042,6.451,5.949,6.051,15344109.5
1724198400000,6.051,6.37,6.004,6.352,14637531.3000000007
1724284800000,6.352,6.508,6.23,6.503,9088869.5
1724371200000,6.503,7.201,6.483,7.091,16366251.3000000007
1724457600000,7.09,7.39,7.037,7.152,10434419.5999999996
1724544000000,7.152,7.474,6.818,7.333,14896621.3000000007
1724630400000,7.334,7.378,6.944,7.009,13234679.9000000004
1724716800000,7.008,7.565,6.701,6.829,36742552.700000003
1724803200000,6.828,7.285,6.487,6.733,36588785.5
1724889600000,6.733,7.272,6.588,6.79,28982931.8999999985
1724976000000,6.791,7.03,6.361,6.709,36998719.299999997
1725062400000,6.708,6.794,6.376,6.482,15130351.9000000004
1725148800000,6.482,6.508,6.096,6.161,18107840.6000000015
1725235200000,6.161,6.458,6.107,6.353,17504718
1725321600000,6.353,6.475,6.05,6.128,15529920.1999999993
1725408000000,6.129,6.329,5.815,6.119,17549570.1000000015
1725494400000,6.119,6.14,5.671,5.771,18845783.6000000015
1725580800000,5.772,5.912,5.475,5.701,24363203.6000000015
1725667200000,5.702,5.966,5.694,5.85,10982592.0999999996
1725753600000,5.85,6.108,5.797,6.036,12063245.0999999996
1725840000000,6.037,6.421,6.013,6.297,11171598.5999999996
1725926400000,6.296,6.334,6.113,6.272,9058058.4000000004
1726012800000,6.271,6.302,5.956,6.09,11980515.6999999993
1726099200000,6.089,6.231,6.039,6.174,9878157.5999999996
1726185600000,6.173,6.344,6.087,6.303,8837748.6999999993
1726272000000,6.304,6.356,5.983,6.06,8811030.8000000007
1726358400000,6.059,6.166,5.819,5.87,10212224.4000000004
1726444800000,5.871,5.883,5.654,5.739,13026392.1999999993
1726531200000,5.74,6.009,5.685,5.938,12314921.4000000004
1726617600000,5.938,6.227,5.7,6.225,13776670.8000000007
1726704000000,6.225,6.962,6.225,6.808,22295661.1000000015
1726790400000,6.808,7.4521,6.704,7.3067,23271043.8999999985
1726876800000,7.3067,8.382,7.1908,8.246,37848288.700000003
1726963200000,8.2464,8.2522,7.733,7.9634,21993104.3999999985
1727049600000,7.9634,8.1197,7.652,7.954,18383932
1727136000000,7.9536,8.39,7.68,8.1555,25938593.5
1727222400000,8.1557,8.5097,7.93,8.0149,18657098
1727308800000,8.0148,8.6393,7.8569,8.0624,26636259.6999999993
1727395200000,8.0632,8.5882,8.0292,8.5022,18846460.6999999993
1727481600000,8.5029,8.55,7.9182,8.0627,12886870.4000000004
1727568000000,8.063,8.2962,7.7513,8.0784,12818063.3000000007
1727654400000,8.0784,8.1218,7.5668,7.6694,16382532.1999999993
1727740800000,7.6692,8.3759,7.2216,7.5491,36232200.299999997
1727827200000,7.548,7.98,7.4694,7.7864,28977769.1000000015
1727913600000,7.7856,8.742,7.6216,8.5555,83344323.900000006
1728000000000,8.5545,9.2998,8.188,9.0907,56918130.299999997
1728086400000,9.0905,9.222,8.5789,8.6035,27721709.6999999993
1728172800000,8.6037,8.9985,8.4829,8.6991,22806834.5
1728259200000,8.6993,9.3314,8.4244,8.6733,46654981.3999999985
1728345600000,8.6734,9.5554,8.6733,9.3263,47047511.8999999985
1728432000000,9.3264,9.4557,8.5,8.5542,31801613.3999999985
1728518400000,8.5543,8.5564,7.8614,8.1028,31796173.8999999985
1728604800000,8.1028,8.5989,7.9346,8.5105,23189267.8000000007
1728691200000,8.5112,9.9639,8.3999,9.937,37986068.299999997
1728777600000,9.936,10.4236,9.6757,10.1895,69238501.900000006
1728864000000,10.1894,10.455,9.8734,10.1776,40066690.8999999985
1728950400000,10.1776,10.7451,9.9546,10.4614,60171912.799999997
1729036800000,10.4623,10.4774,9.6931,10.0359,36193547
1729123200000,10.0359,10.2888,9.7301,9.9389,27165305.6999999993
1729209600000,9.939,10.19,9.762,10.0203,23113918.6000000015
1729296000000,10.0204,10.0223,9.605,9.7179,15105453.0999999996
1729382400000,9.7178,10.199,9.6886,9.9956,20641959.6000000015
1729468800000,9.9952,10.3168,9.8058,10.1039,27123205.3999999985
1729555200000,10.1038,11.239,10.0125,10.3967,70084439.099999994
1729641600000,10.3969,10.6376,9.6393,9.9254,35643013.8999999985
1729728000000,9.9246,10.4376,9.8056,10.1848,29644319.1999999993
1729814400000,10.1856,10.2412,8.434,8.94,37348800.8999999985
1729900800000,8.9407,9.32,8.7049,9.3022,23754392.1999999993
1729987200000,9.3025,9.38,9.0664,9.1996,15317347.0999999996
1730073600000,9.1994,9.3031,8.7038,9.2084,26718994.6999999993
1730160000000,9.2087,10.1943,9.1927,10.0478,34313824.700000003
1730246400000,10.0477,10.2229,9.6599,9.7942,18861392.6000000015
1730332800000,9.7948,9.8093,9.0832,9.0924,19601629.3999999985
1730419200000,9.0927,9.2977,8.6751,8.9327,21970947.8000000007
1730505600000,8.9327,8.9632,8.532,8.6301,11632472.8000000007
1730592000000,8.6301,8.6574,7.8433,8.1919,23855445
1730678400000,8.1922,8.3495,7.7326,8.0588,22097711.1999999993
1730764800000,8.0588,8.638,8.0404,8.4599,21791836.3000000007
1730851200000,8.4597,9.7305,8.447,9.5647,27855864.3999999985
1730937600000,9.5636,9.9657,9.4379,9.8277,24883754
1731024000000,9.8276,10.1187,9.4241,9.7257,21603030.8999999985
1731110400000,9.7265,10.5998,9.552,10.4428,22440361.8999999985
1731196800000,10.4427,11.5239,10.2015,10.9135,44617787.3999999985
1731283200000,10.9135,14.131,10.5663,13.7338,63729209.200000003
1731369600000,13.7337,13.7742,11.5398,12.37,69301642.900000006
1731456000000,12.3707,13.0258,11.2201,11.7286,60170124.700000003
1731542400000,11.73,12.3516,11.011,11.2437,36972303
1731628800000,11.2448,12.2237,11.022,11.8759,30255354.8000000007
1731715200000,11.876,12.7586,11.7344,12.3148,27282285.6999999993
1731801600000,12.3148,12.721,11.5158,11.7882,26186698
1731888000000,11.7901,12.2821,11.5432,12.0556,23585289.3000000007
1731974400000,12.0557,12.346,11.4235,11.8121,19217993.6000000015
1732060800000,11.8123,13.4521,11.1131,11.7889,72376800.900000006
1732147200000,11.787,12.3616,11.2219,12.0767,37891856.5
1732233600000,12.0791,12.5167,11.6079,12.4884,31353811.1000000015
1732320000000,12.4884,13.2355,12.2861,12.7506,37974469.6000000015
1732406400000,12.7535,13.3835,11.5423,12.5247,39316600
1732492800000,12.5269,12.8574,11.6687,11.8316,38271796.700000003
1732579200000,11.8302,12.1286,10.9256,12.003,31637462.6000000015
1732665600000,12.0024,12.7392,11.7427,12.6678,21853854.1000000015
1732752000000,12.6677,13.073,12.2357,12.7837,23531866.6000000015
1732838400000,12.7831,13.366,12.5615,13.2958,20088160.6000000015
1732924800000,13.2959,13.6751,12.85,13.3971,19841008.5
1733011200000,13.3973,13.9298,12.9039,13.4666,19555702.3999999985
1733097600000,13.4661,13.8191,12.2697,13.7365,32757358.6999999993
1733184000000,13.7376,14.7774,12.984,14.525,47420112.799999997
1733270400000,14.5267,14.8849,13.666,14.146,32194886.6999999993
1733356800000,14.1446,14.454,13.0588,13.6412,35269780.799999997
1733443200000,13.6416,14.7902,13.4648,14.686,21838420
1733529600000,14.6856,15.3283,14.4103,14.5856,16119924.5999999996
1733616000000,14.5855,14.65,14.02,14.5176,12493782
1733702400000,14.518,14.5232,10.2291,11.9346,40820363.200000003
1733788800000,11.9361,12.2025,10.64,11.6204,38817832.700000003
1733875200000,11.6203,12.9577,11.1619,12.8777,20346078
1733961600000,12.8777,14.1374,12.8473,13.6781,26841664.1999999993
1734048000000,13.6781,14.557,13.41,14.2219,22089347.1000000015
1734134400000,14.2212,14.7174,13.1446,13.4152,16463181.5999999996
1734220800000,13.4157,13.7638,13.0393,13.664,12497152.0999999996
1734307200000,13.6644,14.2415,13.2156,13.924,18997064.6000000015
1734393600000,13.924,14.3864,12.7269,12.9321,24303636.8000000007
1734480000000,12.9322,12.9926,11.33,11.8282,26022140.8000000007
1734566400000,11.8285,12.75,11.208,11.3699,40187300.3999999985
1734652800000,11.3699,11.9122,9.9492,10.8655,47698593.799999997
1734739200000,10.8655,11.2375,9.2579,9.5233,63068989.799999997
1734825600000,9.5234,9.6724,8.9674,9.2215,36524830.200000003
1734912000000,9.2212,9.83,8.87,9.6968,36479155.200000003
1734998400000,9.6967,9.9444,9.2594,9.8099,27019144.5
1735084800000,9.8088,9.9074,9.467,9.5513,18354840.5
1735171200000,9.5516,9.6601,8.75,8.8154,22875718.1000000015
1735257600000,8.8155,9.3067,8.6502,8.738,23565322.6000000015
1735344000000,8.7372,9.2745,8.6072,9.1875,14596823.0999999996
1735430400000,9.1894,9.234,8.7902,8.8736,11550510.5
1735516800000,8.8736,9.3209,8.6701,8.8755,19162076.3000000007
1735603200000,8.8755,9.0498,8.6499,8.7121,14880795.4000000004
1735689600000,8.712,9.0363,8.4136,9.0248,16188188.6999999993
1735776000000,9.0248,9.4431,9.0099,9.2907,15441488
1735862400000,9.2908,9.8841,9.1508,9.8104,14285344.0999999996
1735948800000,9.8104,10.0741,9.64,9.9917,14152069
1736035200000,9.9918,10.1695,9.7046,10.0898,11044767.5
1736121600000,10.0899,10.33,9.8091,10.169,14695336.8000000007
1736208000000,10.17,10.6498,9.506,9.6466,34230899.1000000015
1736294400000,9.6465,9.7105,8.6338,9.0054,26051052.1999999993
1736380800000,9.0053,9.1288,8.4444,8.6411,19132469.8999999985
1736467200000,8.6411,9.2435,8.6404,9.1329,19100798.8999999985
1736553600000,9.1329,9.2616,8.8365,9.1208,10788198.0999999996
1736640000000,9.1208,9.1566,8.7158,8.8262,10363848.8000000007
1736726400000,8.8261,9.0816,7.81,8.4721,29570277.1000000015
1736812800000,8.4725,9.1125,8.4039,9.017,14082600.9000000004
1736899200000,9.017,9.5166,8.7365,9.4666,18443003.3000000007
1736985600000,9.4666,9.51,9.0178,9.2336,17421067
1737072000000,9.2339,9.8348,9.2328,9.7524,14761938.8000000007
1737158400000,9.7528,9.8738,9.05,9.3181,16670881.5999999996
1737244800000,9.3188,9.561,8.3923,8.501,30877724.1000000015
1737331200000,8.5011,9.3121,8.2056,8.5483,33718523.6000000015
1737417600000,8.5483,8.8799,8.119,8.7425,19888000.1999999993
1737504000000,8.7426,8.9719,8.4444,8.4997,13174492.6999999993
1737590400000,8.4993,8.5848,8.0787,8.3336,16620000.8000000007
1737676800000,8.3336,8.5767,7.9805,8.2076,15121390.8000000007
1737763200000,8.207,8.261,8.037,8.094,12035050.0999999996
1737849600000,8.0941,8.436,7.8025,7.8139,12321899.5
1737936000000,7.8139,7.8169,6.8487,7.624,32855648.5
1738022400000,7.624,7.7581,7.1207,7.2091,11771895.9000000004
1738108800000,7.2082,7.6767,7.1528,7.4255,14889846.1999999993
1738195200000,7.4256,8.0136,7.3548,7.8344,14085725.5
1738281600000,7.8346,8.4051,7.6663,7.8108,17318496
1738368000000,7.8109,7.8581,7.0073,7.0491,16278891.6999999993
1738454400000,7.0488,7.1885,5.8,6.1531,33729119.3999999985
1738540800000,6.1532,6.5078,4.4991,6.4975,67265254.599999994
1738627200000,6.4975,6.5734,5.8221,6.0787,31213004.3999999985
1738713600000,6.0789,6.2671,5.8716,5.9652,18977457.6000000015
1738800000000,5.9651,6.1507,5.6687,5.7246,24667427.1999999993
1738886400000,5.724,6.2434,5.5246,5.7071,31155039.6999999993
1738972800000,5.707,5.8886,5.5052,5.8411,17859813.5
1739059200000,5.841,5.9793,5.5925,5.8994,17207213.3999999985
1739145600000,5.8995,6.3914,5.6644,6.188,27888850.1999999993
1739232000000,6.1879,6.3971,5.8022,5.883,21572080.8999999985
1739318400000,5.8829,6.2438,5.7344,6.1492,22076468.6999999993
1739404800000,6.1498,6.2972,5.9409,6.1339,17335821.8000000007
1739491200000,6.1339,6.3168,6.0172,6.1002,17551161.8999999985
1739577600000,6.101,6.2577,5.9572,6.002,14186674.4000000004
1739664000000,6.0019,6.0437,5.7609,5.8114,13356211
1739750400000,5.8112,6.1545,5.7549,5.932,16010027.5999999996
1739836800000,5.932,5.9502,5.3356,5.6287,24377477.3000000007
1739923200000,5.6287,6.618,5.5816,6.3205,57623883.700000003
1740009600000,6.3207,7.05,6.1337,6.3181,54471087.5
1740096000000,6.318,6.4982,5.897,5.9816,40383294
1740182400000,5.9817,6.1599,5.9129,6.0221,18056213.1999999993
1740268800000,6.0222,6.2358,5.956,6.1134,15778869.3000000007
1740355200000,6.1134,6.1525,5.26,5.4029,27889565.6000000015
1740441600000,5.403,5.7903,5.0209,5.6321,36321714.3999999985
1740528000000,5.6316,5.9522,5.5151,5.903,26179244.1999999993
1740614400000,5.9031,6.5129,5.9022,6.1497,35150500.700000003
1740700800000,6.1497,6.482,5.6268,6.4553,33687573
1740787200000,6.4553,6.6137,6.2224,6.3038,21710894
1740873600000,6.3038,6.8071,6.1538,6.7548,22864039.3999999985
1740960000000,6.7548,6.7823,5.6144,5.7317,26962668.6999999993
1741046400000,5.7313,5.7715,5.0325,5.4505,33550376.3000000007
1741132800000,5.451,6.5496,5.3944,6.2052,51538569.799999997
1741219200000,6.2054,6.3028,5.9057,5.9951,25273610.1000000015
1741305600000,5.9951,6.3781,5.8089,6.162,26003377
1741392000000,6.1621,6.2128,5.7675,5.9503,14627057.3000000007
1741478400000,5.9498,6.1433,5.5733,5.6107,26918516
1741564800000,5.6108,5.7541,5.005,5.1938,36675093.799999997
1741651200000,5.1942,5.6571,5.0109,5.3065,35996634.299999997
1741737600000,5.3066,5.3636,5.01,5.201,29020346.6000000015
1741824000000,5.2009,5.221,4.9034,5.1476,26865925.1000000015
1741910400000,5.1478,5.33,5.1107,5.206,16579669.8000000007
1741996800000,5.2056,5.4416,5.1792,5.3445,12748594.3000000007
1742083200000,5.3446,5.3873,5.092,5.1397,11875040
1742169600000,5.1399,5.45,5.1396,5.3437,14058698
1742256000000,5.3433,5.47,5.2043,5.4267,15348019.3000000007
1742342400000,5.4269,5.64,5.3565,5.6006,16932849.3999999985
1742428800000,5.6006,5.638,5.4022,5.6266,11361119.5
1742515200000,5.6265,5.7415,5.4004,5.6142,13024216.5999999996
1742601600000,5.614,5.8141,5.585,5.6738,9895389.3000000007
1742688000000,5.6735,5.7171,5.5836,5.7099,8709928.3000000007
1742774400000,5.71,6.0515,5.6082,6.0294,14492958.5
1742860800000,6.0293,6.1,5.8147,5.9119,10831458.0999999996
1742947200000,5.9125,6.0523,5.7801,5.9423,9805545.1999999993
1743033600000,5.9431,6.0786,5.8214,5.9597,10409286
1743120000000,5.9592,5.9609,5.409,5.5445,13740289.1999999993
1743206400000,5.5446,5.5922,5.1459,5.2254,12388955.8000000007
1743292800000,5.2253,5.4052,5.1618,5.2951,9428714.5999999996
1743379200000,5.2953,5.4251,5.0665,5.2612,12585668.8000000007
1743465600000,5.2619,5.4555,5.2464,5.3991,10384290.1999999993
1743552000000,5.399,5.5094,5.0151,5.0951,16536018.4000000004
1743638400000,5.0951,5.3277,4.9402,5.0561,14829363.5
1743724800000,5.0567,5.0974,4.7341,4.9034,22305866.6999999993
1743811200000,4.9035,4.9418,4.7788,4.8839,8420362.6999999993
1743897600000,4.8838,4.9139,4.2378,4.3452,21505361.1000000015
1743984000000,4.3458,4.5754,3.8858,4.4098,34882383.3999999985
1744070400000,4.4098,4.7148,4.3054,4.3543,19665894.1000000015
1744156800000,4.3544,4.8274,4.1743,4.7299,25692147.5
1744243200000,4.7304,4.7339,4.4346,4.61,12412797.4000000004
1744329600000,4.6099,4.8657,4.6084,4.785,11116864.0999999996
1744416000000,4.7848,4.9899,4.7447,4.9615,9772508.0999999996
1744502400000,4.9619,5.2,4.7279,4.8208,17187365.6999999993
1744588800000,4.8212,4.9974,4.7621,4.8092,12255382.4000000004
1744675200000,4.8094,4.827,4.6074,4.6196,12574488.5
1744761600000,4.6192,4.7317,4.482,4.6194,14231917.0999999996
1744848000000,4.6196,4.7279,4.5119,4.5883,12116133.1999999993
1744934400000,4.5888,4.8007,4.5451,4.6955,10962321.0999999996
1745020800000,4.6954,4.957,4.633,4.9144,10909123.0999999996
1745107200000,4.9143,5.0789,4.8528,5.0672,9726341.0999999996
1745193600000,5.0672,5.2412,4.9012,4.9143,13578427.6999999993
1745280000000,4.9143,5.3,4.7603,5.264,19773179.1000000015
1745366400000,5.2639,5.3999,5.207,5.3511,14451467.9000000004
1745452800000,5.3507,5.6082,5.1652,5.4954,16759111.5999999996
1745539200000,5.4958,5.6385,5.3338,5.543,15345225.5999999996
1745625600000,5.5434,5.6847,5.4893,5.6183,12934157.9000000004
1745712000000,5.6185,5.66,5.3103,5.3679,12350851.8000000007
1745798400000,5.3676,5.6608,5.2378,5.5254,13649191.4000000004
1745884800000,5.5252,5.6774,5.377,5.425,10614135.5999999996
1745971200000,5.4262,5.457,5.1521,5.3436,9420557.9000000004
1746057600000,5.3436,5.5875,5.3428,5.5026,9242231.5
1746144000000,5.5025,5.58,5.3765,5.4418,8388693.6999999993
1746230400000,5.4419,5.4573,5.1334,5.18,8752067.5999999996
1746316800000,5.18,5.2119,5.0688,5.0979,8037489.4000000004
1746403200000,5.0982,5.2054,4.9642,4.9686,8657421.1999999993
1746489600000,4.9687,4.9706,4.5837,4.7578,14623088.8000000007
1746576000000,4.7581,4.822,4.641,4.7909,11688286.0999999996
1746662400000,4.7908,5.4997,4.7829,5.486,16147772.0999999996
1746748800000,5.4858,5.8588,5.4453,5.5831,21754306.8000000007
1746835200000,5.583,6.0822,5.4992,6.0741,19145794.6000000015
1746921600000,6.0741,6.2805,5.7753,5.8875,22331524.8000000007
1747008000000,5.8875,6.1625,5.6005,5.8462,26388094.3999999985
1747094400000,5.8457,6.2544,5.503,6.1382,22576158.1999999993
1747180800000,6.1381,6.1899,5.6815,5.7354,17287371.3999999985
1747267200000,5.7354,5.8237,5.1902,5.311,25482945.3000000007
1747353600000,5.3112,5.4459,5.21,5.2525,14680912
1747440000000,5.2526,5.276,5.015,5.0763,15916578.8000000007
1747526400000,5.076,5.3219,4.857,5.1864,19008211.6000000015
1747612800000,5.1864,5.2249,4.8253,5.2136,18305833
1747699200000,5.2137,5.2985,4.9874,5.1472,15162825.4000000004
1747785600000,5.1475,5.3927,5.0724,5.2712,20177303.1999999993
1747872000000,5.2715,5.7776,5.2627,5.714,20112429
1747958400000,5.7141,5.9927,5.3118,5.3378,28262695.1999999993
1748044800000,5.3377,5.445,5.281,5.3104,11594392.5999999996
1748131200000,5.3104,5.342,5.0027,5.2636,15064430.3000000007
1748217600000,5.2633,5.4803,5.2325,5.2913,13411254.5
1748304000000,5.2916,5.5197,5.1809,5.3667,14370158
1748390400000,5.3667,5.4787,5.226,5.391,14859091.5
1748476800000,5.391,5.578,5.12,5.1574,15530536.8000000007
1748563200000,5.1573,5.1833,4.6572,4.7366,30665554.3999999985
1748649600000,4.7368,4.8171,4.5171,4.7253,17974158.8000000007
1748736000000,4.7257,4.8266,4.6224,4.8079,10260139
1748822400000,4.8079,4.9093,4.6552,4.8866,11763583.0999999996
1748908800000,4.8865,5.0414,4.8557,4.9371,11586945.0999999996
1748995200000,4.9371,5.013,4.75,4.7916,12378011.0999999996
1749081600000,4.7916,4.8662,4.44,4.4822,20053756.5
1749168000000,4.4822,4.7232,4.455,4.6112,10501943
1749254400000,4.6113,4.7709,4.6013,4.7503,8562334.5
1749340800000,4.7503,4.7824,4.5864,4.7093,9960665.5
1749427200000,4.7093,4.9621,4.6369,4.9525,10327708.5999999996
1749513600000,4.9525,5.1415,4.8737,5.1402,12956374
1749600000000,5.1403,5.2495,4.9411,5.0179,18942187.3000000007
1749686400000,5.018,5.0704,4.6734,4.6928,13950845.9000000004
1749772800000,4.6929,4.699,4.3403,4.4941,26043916.6000000015
1749859200000,4.4942,4.5439,4.3074,4.457,12820236.4000000004
1749945600000,4.4572,4.5525,4.4282,4.5358,9023952.1999999993
1750032000000,4.5358,4.9005,4.4929,4.6815,13421495.4000000004
1750118400000,4.6816,4.7578,4.3793,4.4417,15107995
1750204800000,4.4417,4.5348,4.2655,4.4557,13235616.6999999993
1750291200000,4.4557,4.5057,4.3074,4.3852,9991602.9000000004
1750377600000,4.3853,4.4734,4.168,4.2703,12639305.1999999993
1750464000000,4.2702,4.6882,4.0489,4.1602,34613596.799999997
1750550400000,4.1606,4.2194,3.744,3.9263,35890666.700000003
1750636800000,3.9262,4.3547,3.868,4.3133,24121415.3000000007
1750723200000,4.3132,5.1412,4.2456,4.9556,59740630.1000000015
1750809600000,4.9557,5.0825,4.6323,4.8889,58197815.700000003
1750896000000,4.889,5.0291,4.6402,4.872,35814076
1750982400000,4.8719,5.2956,4.8011,4.8354,64927055.799999997
1751068800000,4.8357,4.952,4.7231,4.8463,23507750.1999999993
1751155200000,4.8463,5.0118,4.7055,4.9514,24653697
1751241600000,4.9514,4.958,4.7622,4.8897,27376476.3000000007
1751328000000,4.8896,4.9546,4.482,4.489,26886511.8000000007
1751414400000,4.4891,4.8525,4.4131,4.7385,28417974.5
1751500800000,4.7385,4.8556,4.6394,4.737,24652557.3000000007
1751587200000,4.7371,4.7692,4.3155,4.4007,26147324.1000000015
1751673600000,4.4008,4.4555,4.3447,4.4184,10148286.8000000007
1751760000000,4.4186,4.5328,4.3681,4.464,12325942.9000000004
1751846400000,4.4636,4.5108,4.3947,4.45,12295724.5
1751932800000,4.4502,4.4772,4.35,4.4714,14096298.3000000007
1752019200000,4.4715,4.6857,4.3994,4.638,20864982.3000000007
1752105600000,4.6381,4.9083,4.5593,4.8807,29560313.5
1752192000000,4.8807,5.0911,4.7756,4.8842,39553348.200000003
1752278400000,4.8841,4.9483,4.6705,4.8018,22827921.8999999985
1752364800000,4.8028,5.0572,4.7845,4.939,23520802.3000000007
1752451200000,4.9391,5.2095,4.8912,4.9704,32201637.3999999985
1752537600000,4.9706,5.1171,4.7771,5.0973,31532809.1000000015
1752624000000,5.0974,5.3775,5.0274,5.2013,34805080.1000000015
1752710400000,5.2014,5.3658,5.0258,5.2915,37022130.3999999985
1752796800000,5.2915,5.5874,5.2002,5.3218,46097270.6000000015
1752883200000,5.3219,5.4375,5.15,5.3222,22722000
1752969600000,5.3223,5.5186,5.2039,5.3121,30782540
1753056000000,5.3122,5.5567,5.2242,5.4074,44383308.700000003
1753142400000,5.4074,5.4848,5.1516,5.4761,47001460.700000003
1753228800000,5.4762,5.6586,4.6862,4.8085,69173777.5
1753315200000,4.8086,4.8655,4.4494,4.6244,52208756.200000003
1753401600000,4.6248,4.7592,4.503,4.7499,32787389.3000000007
1753488000000,4.7501,4.86,4.722,4.8021,16189143.8000000007
1753574400000,4.8022,4.9184,4.7507,4.9012,18391831.3999999985
1753660800000,4.9011,4.9849,4.6043,4.6509,29531237.5
1753747200000,4.651,4.7725,4.4451,4.582,31790370.1000000015
1753833600000,4.5821,4.5906,4.2346,4.4879,27206207.3999999985
1753920000000,4.488,4.6213,4.2936,4.3163,27377582.6000000015
1754006400000,4.3164,4.3814,4.0999,4.2276,36974365.299999997
1754092800000,4.2277,4.2806,4.043,4.1186,24760690.6999999993
1754179200000,4.1188,4.2499,4.0566,4.2233,12067916.8000000007
1754265600000,4.2232,4.3678,4.2192,4.3656,17379585
1754352000000,4.3656,4.3773,4.1714,4.2858,25656981
1754438400000,4.2859,4.3029,4.1632,4.2449,22282934.6999999993
1754524800000,4.2448,4.4269,4.212,4.4148,25259205.1000000015
1754611200000,4.4148,4.7162,4.3481,4.6409,42063828.3999999985
1754697600000,4.6409,4.8699,4.6193,4.7817,27482932.3999999985
1754784000000,4.7818,4.852,4.5838,4.6966,24833254.6999999993
1754870400000,4.6971,4.8367,4.501,4.522,35188009.799999997
1754956800000,4.522,4.9021,4.4814,4.8202,30321149.3999999985
1755043200000,4.82,5.092,4.7219,5.0476,42883372.5
1755129600000,5.0478,5.1507,4.6313,4.7195,49861911.1000000015
1755216000000,4.7195,4.846,4.53,4.6595,30740244.3999999985
1755302400000,4.6596,4.7555,4.6102,4.74,14076887.3000000007
1755388800000,4.7402,4.9474,4.7005,4.7846,22177336
1755475200000,4.7848,4.7928,4.5446,4.5692,28647691.8000000007
1755561600000,4.5692,4.6255,4.2806,4.2965,32461532.1999999993
1755648000000,4.2962,4.5116,4.2692,4.4913,25614708.5
1755734400000,4.4913,4.5041,4.3377,4.4139,20188123.6999999993
1755820800000,4.4139,4.8172,4.2734,4.7998,39319940.6000000015
1755907200000,4.7998,4.8093,4.6039,4.7596,22378758.6000000015
1755993600000,4.7593,4.8056,4.5463,4.622,31309356
1756080000000,4.622,4.6602,4.1947,4.2512,35116346.3999999985
1756166400000,4.2516,4.4279,4.2233,4.372,22662986.3999999985
1756252800000,4.372,4.4384,4.3326,4.3653,17304422
1756339200000,4.3651,4.4832,4.3265,4.467,13408771.4000000004
1756425600000,4.467,4.4696,4.1801,4.2612,23318459.1999999993
1756512000000,4.2612,4.3394,4.1826,4.3265,11002581.5999999996
1756598400000,4.3265,4.369,4.248,4.2517,9860607.5999999996
1756684800000,4.2517,4.4636,4.1043,4.2103,31065797.8000000007
1756771200000,4.2106,4.355,4.1784,4.3353,22317981.6000000015
1756857600000,4.3352,4.4136,4.2581,4.3695,14551808.3000000007
1756944000000,4.3696,4.3834,4.1983,4.2402,12413636.3000000007
1757030400000,4.2401,4.3587,4.2284,4.2472,14546080.8000000007
1757116800000,4.2471,4.2608,4.1757,4.2011,10438677.0999999996
1757203200000,4.2013,4.289,4.1994,4.2726,8723870.8000000007
1757289600000,4.2727,4.4436,4.2546,4.4058,17730674.1999999993
1757376000000,4.4058,4.5344,4.3503,4.3905,22646150.8000000007
1757462400000,4.3905,4.4949,4.3609,4.4823,18860628.5
1757548800000,4.4823,4.5491,4.4053,4.5253,16915237.5
1757635200000,4.5253,4.6294,4.4676,4.6228,18270970.6999999993
1757721600000,4.6228,4.7472,4.5633,4.6664,20962848.1000000015
1757808000000,4.6663,4.6703,4.452,4.5238,17311654
1757894400000,4.5238,4.6067,4.3122,4.3762,20363848
1757980800000,4.3762,4.4771,4.3211,4.4436,14226276.5999999996
1758067200000,4.4435,4.6104,4.3517,4.5748,21351385.8999999985
1758153600000,4.5748,4.74,4.5522,4.6861,21528236.6000000015
1758240000000,4.6866,4.7764,4.5155,4.547,23302237.6000000015
1758326400000,4.547,4.7268,4.5327,4.6156,19744104.3000000007
1758412800000,4.6156,4.6977,4.5653,4.608,17653304.3000000007
1758499200000,4.6076,4.6329,4.123,4.3022,41166743.200000003
1758585600000,4.3023,4.3683,4.2049,4.2942,18604767.3999999985
1758672000000,4.2941,4.3471,4.1971,4.2335,18311242.6999999993
1758758400000,4.2334,4.239,3.8918,3.9299,33473385.3000000007
1758844800000,3.9299,4.1189,3.8944,4.1038,22423665.1999999993
1758931200000,4.1033,4.2667,4.053,4.218,16281263.3000000007
1759017600000,4.218,4.253,4.0555,4.2264,16340994.0999999996
1759104000000,4.2263,4.33,4.1874,4.2785,18234903.8999999985
1759190400000,4.2784,4.404,4.1926,4.3994,22552672.3000000007
1759276800000,4.3992,4.8751,4.3695,4.8737,34151433.1000000015
1759363200000,4.8738,5.2329,4.8119,5.2246,46109309.8999999985
1759449600000,5.2248,5.4529,5.0715,5.3686,45260675.1000000015
1759536000000,5.3687,5.5517,5.1042,5.1963,48118348.799999997
1759622400000,5.1963,5.6551,5.1963,5.4552,47113231.1000000015
1759708800000,5.4552,5.4944,5.25,5.2754,43116479.6000000015
1759795200000,5.2753,5.4745,5.1852,5.3123,46844607.5
1759881600000,5.3114,5.3731,5.1326,5.1684,29452209.8000000007
1759968000000,5.1685,5.1696,4.8006,5.0019,38169079.799999997
1760054400000,5.002,5.114,1.7416,3.6441,109720470.599999994
1760140800000,3.6456,4.1013,3.5,3.6382,80304117.099999994
1760227200000,3.6382,4.0239,3.4978,3.9016,59615357.5
1760313600000,3.9016,3.9636,3.6372,3.9228,53735919.8999999985
1760400000000,3.9228,3.944,3.5252,3.6813,47432173.799999997
1760486400000,3.681,3.7558,3.4115,3.5186,41810593.6000000015
1760572800000,3.5186,3.5807,3.2367,3.2932,48162578.3999999985
1760659200000,3.2933,3.3395,2.9524,3.1879,61852620.6000000015
1760745600000,3.1878,3.2284,3.1099,3.203,22627868.6999999993
1760832000000,3.2029,3.2585,3.1225,3.191,29128472.6000000015
1760918400000,3.191,3.3567,3.1232,3.257,30336227.6999999993
1761004800000,3.2569,3.3794,3.11,3.2171,37136827
1761091200000,3.2171,3.384,3.0812,3.1865,60714728
1761177600000,3.1866,3.321,3.1568,3.2397,31573980.8999999985
1761264000000,3.2397,3.3151,3.16,3.3003,31281822.6000000015
1761350400000,3.3002,3.3256,3.2401,3.3101,15981137.5
1761436800000,3.3101,3.6218,3.2739,3.5825,31335812.3999999985
1761523200000,3.5825,3.6474,3.4144,3.4553,30010210.5
1761609600000,3.4554,3.5095,3.2995,3.3544,29383423
1761696000000,3.3544,3.5067,3.299,3.4012,30232301.8000000007
1761782400000,3.4014,3.4645,3.0624,3.2001,46003751.8999999985
1761868800000,3.2001,3.3063,3.182,3.2566,23306952.6000000015
1761955200000,3.2565,3.3366,3.2287,3.3291,17187730.3000000007
1762041600000,3.329,3.4239,3.2431,3.3723,20461479.1999999993
1762128000000,3.3722,3.382,2.7202,2.7738,62891353.799999997
1762214400000,2.7739,2.841,2.3856,2.5576,87720851.200000003
1762300800000,2.5577,2.7033,2.4153,2.6758,44307366.299999997
1762387200000,2.6758,2.7643,2.6,2.7344,47375318.8999999985
1762473600000,2.7342,3.2778,2.7203,3.163,126303306
1762560000000,3.163,3.2383,2.9714,3.0798,35597701.1000000015
1762646400000,3.0798,3.2567,2.932,3.2333,33633839
1762732800000,3.2332,3.3496,3.176,3.2956,33165095
1762819200000,3.2956,3.3769,3.0675,3.0893,30399790.8000000007
1762905600000,3.0894,3.1982,2.9829,3.0335,30242522
1762992000000,3.0334,3.1631,2.8629,2.9774,37679433.3999999985
1763078400000,2.9774,3.1344,2.8052,2.9182,43829561.8999999985
1763164800000,2.9183,3.0249,2.888,2.9241,21505752.8000000007
1763251200000,2.924,2.9732,2.7415,2.8291,24584778.3000000007
1763337600000,2.8291,2.9529,2.68,2.7507,30007809
1763424000000,2.7507,2.9671,2.7092,2.9118,27495764.3999999985
1763510400000,2.9117,2.9295,2.71,2.8834,25611073
1763596800000,2.8833,3.0579,2.7292,2.7414,37322720.6000000015
1763683200000,2.7416,2.8244,2.329,2.3916,63207361.5
1763769600000,2.3916,2.4062,2.2793,2.3256,34700617.799999997
1763856000000,2.3255,2.3762,2.3061,2.3377,19483149.6000000015
1763942400000,2.3378,2.3888,2.23,2.3414,35003866.299999997
1764028800000,2.3412,2.3617,2.19,2.2916,37227452.8999999985
1764115200000,2.2916,2.2988,2.1462,2.2696,34211476.1000000015
1764201600000,2.2697,2.3486,2.2241,2.2632,23705748.1999999993
1764288000000,2.2631,2.2705,2.1047,2.1558,46546262.200000003
1764374400000,2.1559,2.16,1.968,2.0366,47724339
1764460800000,2.0366,2.0541,1.976,1.9828,31056193.1999999993
1764547200000,1.9827,1.9843,1.8096,1.8675,69830958.599999994
1764633600000,1.8676,2.0077,1.8383,1.9682,51707932.6000000015
1764720000000,1.9682,2.0414,1.9501,2.0194,35650405.6000000015
1764806400000,2.0194,2.0369,1.9139,1.9352,33229781.1000000015
1764892800000,1.935,1.954,1.7107,1.7473,66328735.3999999985
1764979200000,1.7472,1.8151,1.6873,1.7556,54725176.5
1765065600000,1.7557,1.7741,1.6523,1.7071,55035644.6000000015
1765152000000,1.7072,1.8108,1.6805,1.7905,43787156.3999999985
1765238400000,1.7905,1.9216,1.7268,1.885,48193719.8999999985
1765324800000,1.885,1.9124,1.7672,1.7767,49684637.5
1765411200000,1.7767,1.7794,1.6796,1.7245,46394759.1000000015
1765497600000,1.7246,1.7358,1.5968,1.6315,46949035.8999999985
1765584000000,1.6315,1.709,1.6241,1.6978,35884366.6000000015
1765670400000,1.6979,1.7013,1.5947,1.6142,28258758
1765756800000,1.6141,1.6704,1.5215,1.5712,46079395.799999997
1765843200000,1.5712,1.6059,1.5368,1.5909,30254955.5
1765929600000,1.5908,1.6417,1.4766,1.5003,44935256.200000003
1766016000000,1.5004,1.5669,1.413,1.4495,51428756.3999999985
1766102400000,1.4496,1.6623,1.4217,1.6375,54695251.299999997
1766188800000,1.6374,1.6981,1.5909,1.6108,35872800.799999997
1766275200000,1.6109,1.6564,1.5473,1.5729,31420776.8999999985
1766361600000,1.5728,1.6662,1.5543,1.6203,37726438.8999999985
1766448000000,1.6203,1.6414,1.556,1.612,35342091
1766534400000,1.612,1.645,1.5534,1.641,26314964.8999999985
1766620800000,1.641,1.6879,1.588,1.5913,28856652.3000000007
1766707200000,1.5912,1.7206,1.5884,1.68,33808712.299999997
1766793600000,1.68,1.7648,1.6737,1.7545,26523531.6999999993
1766880000000,1.7545,1.7572,1.6949,1.7256,17418390.1999999993
1766966400000,1.7256,1.8046,1.6729,1.6763,34993366.1000000015
1767052800000,1.6763,1.7542,1.6666,1.7159,28376582.1000000015
1767139200000,1.716,1.74,1.6418,1.6587,29341465.8999999985
1767225600000,1.6587,1.872,1.6515,1.8636,38757624.200000003
1767312000000,1.8637,1.9094,1.808,1.9039,34192694.799999997
1767398400000,1.9039,1.9325,1.8467,1.8995,16782972.3999999985
1767484800000,1.8995,1.9572,1.8945,1.9397,19981184.8999999985
1767571200000,1.9396,1.9869,1.8961,1.9635,25163418.5
1767657600000,1.9636,2.011,1.8625,1.9587,33531713.3000000007
1767744000000,1.9589,1.9601,1.8609,1.8852,28907338.1999999993
1767830400000,1.8852,1.896,1.7678,1.8169,27542542.1999999993
1767916800000,1.817,1.8416,1.7707,1.8242,23663300.1000000015
1768003200000,1.8243,1.8388,1.7971,1.813,11296475.1999999993
1768089600000,1.8131,1.8243,1.7428,1.7687,18340705.3999999985
1768176000000,1.7688,1.8216,1.7261,1.765,28218525.8999999985
1768262400000,1.7649,2.0022,1.7613,1.9736,44867707.299999997
1768348800000,1.9736,1.9887,1.8966,1.9337,25132943.8999999985
1768435200000,1.9337,1.9485,1.7601,1.8012,26909480.5
1768521600000,1.8013,1.8103,1.7451,1.7883,19041569.1999999993
1768608000000,1.7884,1.9078,1.7846,1.8646,22404765.1000000015
1768694400000,1.8645,1.8816,1.7196,1.7223,24870017.5
1768780800000,1.7222,1.7222,1.4989,1.6114,54906851.8999999985
1768867200000,1.6114,1.6293,1.5143,1.5324,37312511.700000003
1768953600000,1.5324,1.6026,1.5051,1.5568,36643285.200000003
1769040000000,1.5568,1.5839,1.5147,1.5481,26561461.6999999993
1769126400000,1.5481,1.6161,1.5314,1.5518,27424534.3999999985
1769212800000,1.5517,1.5655,1.5329,1.5444,12605212.5999999996
1769299200000,1.5445,1.5848,1.4451,1.4873,35765481.299999997
1769385600000,1.4873,1.5906,1.4802,1.5487,29951207.1000000015
1769472000000,1.5486,1.5989,1.5223,1.5919,29894982.8999999985
1769558400000,1.5919,1.6288,1.5708,1.6112,28149908
1769644800000,1.6113,1.6157,1.4401,1.4925,32338243.3999999985
1769731200000,1.4924,1.5063,1.4122,1.4513,35371249.799999997
1769817600000,1.4513,1.4535,1.1378,1.2737,68349380.700000003
1769904000000,1.2736,1.2984,1.2043,1.2348,33599961.200000003
1769990400000,1.2348,1.2968,1.1953,1.2782,36548375.799999997
1770076800000,1.2782,1.3019,1.1942,1.2472,36856685.8999999985
1770163200000,1.2471,1.2808,1.1944,1.2191,35845545.3999999985
1770249600000,1.219,1.2366,1.0121,1.0302,85969189.400000006
1770336000000,1.0303,1.1638,0.895,1.1377,122191495.700000003
1770422400000,1.1376,1.1481,1.0795,1.1117,36131332.700000003
1770508800000,1.1118,1.1119,1.0483,1.0675,24452988.6999999993
1770595200000,1.0676,1.0792,1.007,1.0414,28232721
1770681600000,1.0415,1.047,0.9701,0.9879,36647966
1770768000000,0.9879,1.0102,0.9142,0.9224,55869504.5
1770854400000,0.9225,0.9618,0.8908,0.9237,49631573.6000000015
1770940800000,0.9238,0.957,0.8955,0.9394,37157538.799999997
1771027200000,0.9395,1.0074,0.935,0.9872,38916941.5
1771113600000,0.9872,0.9879,0.9017,0.9332,46656028.3999999985
1771200000000,0.9332,0.9388,0.8943,0.9288,45119376.3999999985
1771286400000,0.9289,0.9475,0.9067,0.9164,47521311.200000003
1771372800000,0.9164,0.9289,0.8672,0.8778,52375005.3999999985
1771459200000,0.8777,0.8917,0.8377,0.8661,43250102.6000000015
1771545600000,0.8661,0.8875,0.8436,0.8825,42658155.6000000015
1771632000000,0.8825,0.9086,0.8743,0.8851,27299894.3000000007
1771718400000,0.8851,0.8851,0.8204,0.8404,41999279.299999997
1771804800000,0.8403,0.8666,0.7885,0.8096,86459833.099999994
1771891200000,0.8095,0.8372,0.7969,0.8232,46550884.1000000015
1771977600000,0.8231,1.1113,0.8207,1.0041,132168991.400000006
1772064000000,1.0043,1.0101,0.9268,0.9649,87127621.099999994
1772150400000,0.9649,1.0253,0.918,0.9349,58512708.700000003
1772236800000,0.9349,0.9729,0.8637,0.9616,69184673
1772323200000,0.9615,0.9793,0.9044,0.9276,52015972.6000000015
1772409600000,0.9277,0.9896,0.9138,0.9694,60196941.3999999985
1772496000000,0.9694,1.0358,0.9466,1.0118,73337430.5
1772582400000,1.0117,1.0294,0.9842,1.0076,62871999.799999997
1772668800000,1.0075,1.0196,0.9632,0.9958,58423542.700000003
1772755200000,0.9957,1.0242,0.9381,0.9563,45471140.8999999985
1772841600000,0.9564,0.9641,0.9304,0.9383,21513676.8999999985
1772928000000,0.9383,0.9611,0.9093,0.9278,33211985.6999999993
1773014400000,0.9279,0.9849,0.9267,0.9554,36953440.200000003
1773100800000,0.9554,0.9994,0.9419,0.9524,37425920.8999999985
1773187200000,0.9524,0.9752,0.9315,0.944,30894175.8999999985
1773273600000,0.944,0.9458,0.9017,0.9161,33828084.200000003
1773360000000,0.9161,0.975,0.9088,0.9334,60556844.6000000015
1773446400000,0.9333,0.9337,0.9054,0.9198,23515430.1000000015
1773532800000,0.9198,0.939,0.9094,0.9343,25007502.5
1773619200000,0.9345,1.0289,0.9276,1.019,67165987.099999994
1773705600000,1.0191,1.0219,0.9802,1.0045,33546920.6999999993
1773792000000,1.0045,1.017,0.9372,0.9895,45025215.3999999985
1773878400000,0.9896,0.994,0.922,0.9481,39473846
1773964800000,0.9482,1.0255,0.9456,0.9902,57195675.299999997
1774051200000,0.9902,1.0254,0.9645,0.9717,35527054.5
1774137600000,0.9718,0.9861,0.9113,0.9278,42092566.200000003
1774224000000,0.9278,1.0779,0.9046,1.0684,100029597.5
1774310400000,1.0685,1.1248,1.0228,1.1145,104264244.799999997
1774396800000,1.1146,1.1177,1.0492,1.0574,49519789.6000000015
1774483200000,1.0573,1.0668,1.0144,1.033,40623586.3999999985
1774569600000,1.0331,1.038,0.97,0.975,34307949.3999999985
1774656000000,0.9749,0.9787,0.9227,0.9301,30366583.6999999993
1774742400000,0.93,0.9433,0.8921,0.9217,26009764.6999999993
1774828800000,0.9218,0.9502,0.8789,0.89,41353110.299999997
1774915200000,0.89,0.9149,0.8713,0.8921,38922236.8999999985
1775001600000,0.892,0.9169,0.8856,0.89,33048100.8000000007
1775088000000,0.89,0.8963,0.8436,0.8587,36747968.5
1775174400000,0.8587,0.8725,0.841,0.8478,24327448.3999999985
1775260800000,0.8478,0.8529,0.8367,0.8493,20218914.3000000007
1775347200000,0.8493,0.8498,0.8245,0.8498,23173160
1775433600000,0.8498,0.8801,0.8303,0.8374,28847079.5
1775520000000,0.8374,0.88,0.8161,0.8713,36577279.1000000015
1775606400000,0.8714,0.8836,0.8265,0.8309,37916015.299999997
1775692800000,0.831,0.87,0.8104,0.8458,37891240.299999997
1775779200000,0.8459,0.8774,0.8312,0.8677,41077848.8999999985
1775865600000,0.8676,0.8801,0.8427,0.8627,29030288.3000000007
1775952000000,0.8628,0.8629,0.8054,0.8102,35214016.200000003
1776038400000,0.8102,0.8763,0.8096,0.873,45249297.799999997
1776124800000,0.873,0.8817,0.8473,0.8591,37479460.700000003
1776211200000,0.8592,0.9344,0.8517,0.895,39787810
1776297600000,0.8951,1.0075,0.875,1.0004,83128060.200000003
1776384000000,1.0005,1.0169,0.9622,0.9968,56507772.700000003
1776470400000,0.9967,1.0019,0.9325,0.9352,36491316.799999997
1776556800000,0.9352,0.9611,0.9082,0.9102,34532450.799999997
1776643200000,0.9102,0.9504,0.909,0.935,28668489.6000000015
1776729600000,0.9351,0.9487,0.9165,0.9388,23930757.1999999993
1776816000000,0.9389,1.0052,0.9304,0.9446,48431539.299999997
1776902400000,0.9446,0.9612,0.924,0.9514,29711176.8000000007
1776988800000,0.9514,0.9877,0.9401,0.9869,22749184.1000000015
1777075200000,0.9868,0.9968,0.955,0.9668,22343221
1777161600000,0.9668,1.0018,0.9571,0.9825,23087652.8999999985
1777248000000,0.9826,0.9944,0.9384,0.9659,31656487.8999999985
1777334400000,0.966,0.9947,0.9545,0.9656,28170591.3999999985
1777420800000,0.9655,1.0099,0.9456,0.9896,56230907.8999999985
1777507200000,0.9897,1.0374,0.9789,0.9931,57583566.8999999985
1777593600000,0.993,1.0478,0.9856,0.9891,41805667.200000003
1777680000000,0.9891,1.0189,0.9878,1.0019,29521313
1777766400000,1.002,1.0027,0.973,0.9853,25906890
1777852800000,0.9854,1.0203,0.9593,0.9655,43682282.299999997
1777939200000,0.9656,0.9999,0.9576,0.9906,51515578.5
1778025600000,0.9905,1.0655,0.9819,1.022,63779515.200000003
1778112000000,1.0221,1.0379,0.9942,1.0267,43561058.200000003
1778198400000,1.0268,1.1452,1.0188,1.1294,60764356.700000003
1778284800000,1.1295,1.1447,1.0917,1.1029,33092219.6000000015
1778371200000,1.1029,1.239,1.0809,1.1531,103276106.099999994
1778457600000,1.1531,1.1562,1.0974,1.1283,54786262.1000000015
1778544000000,1.1283,1.1326,1.0563,1.0811,39927753
1778630400000,1.081,1.1274,1.0312,1.0444,38698963
1778716800000,1.0444,1.0779,1.0204,1.0519,29771860.1000000015
1778803200000,1.0518,1.0598,0.9686,0.9875,40706516.8999999985
1778889600000,0.9875,0.9918,0.9397,0.9446,22220667.5
1778976000000,0.9448,0.9689,0.8877,0.9292,41040188.6000000015
1779062400000,0.9291,0.9489,0.9139,0.9475,40525487.8999999985
1779148800000,0.9475,0.9551,0.9265,0.9294,19267460.1000000015
1779235200000,0.9293,0.9599,0.9246,0.9503,22647313.1999999993
1779321600000,0.9503,0.9832,0.9432,0.9732,28311165.8000000007
1779408000000,0.9732,1.0019,0.9317,0.9393,41467898.799999997
1779494400000,0.9392,1.0009,0.8983,0.9698,36842942.200000003
1779580800000,0.9699,0.972,0.9253,0.9447,18739639.3000000007
1779667200000,0.9448,0.9888,0.9381,0.9671,22048552.8000000007
1779753600000,0.9672,1.0098,0.9496,0.9717,40329806.6000000015
1779840000000,0.9718,1.0051,0.9401,0.9497,40110364.799999997
1779926400000,0.9495,0.9545,0.8997,0.9397,43776948.700000003
1780012800000,0.9397,0.9534,0.8866,0.9371,44533396.6000000015
1780099200000,0.9371,0.9743,0.9314,0.9403,25656498.6999999993
1780185600000,0.9404,0.9556,0.9138,0.9461,24164825.3000000007
1780272000000,0.9461,0.9601,0.8992,0.9423,38480062.799999997
1780358400000,0.9424,0.9435,0.8052,0.8244,67292140
1780444800000,0.8244,0.871,0.8024,0.8109,54678042
1780531200000,0.8109,0.8177,0.7285,0.7537,82593872.799999997
1780617600000,0.7536,0.7565,0.631,0.6659,91246908.799999997
1780704000000,0.6659,0.6774,0.6145,0.6555,62382501
1780790400000,0.6556,0.6933,0.6468,0.671,42490054.1000000015
1780876800000,0.6711,0.6923,0.6536,0.6719,39704435
1780963200000,0.6719,0.6759,0.6381,0.6643,54011525
1781049600000,0.6644,0.6713,0.6071,0.6203,43376868.8999999985
1781136000000,0.6204,0.6579,0.6181,0.6459,43006627.8999999985
1781222400000,0.6459,0.6694,0.6323,0.6421,49816722.6000000015
1781308800000,0.6421,0.6846,0.6397,0.6708,31704412.1000000015
1781395200000,0.6708,0.6849,0.6442,0.6804,31943077.8999999985
1781481600000,0.6804,0.7156,0.6688,0.6783,50242777.700000003
1781568000000,0.6784,0.6961,0.6527,0.6686,41468745.200000003
1781654400000,0.6686,0.6958,0.6533,0.6717,57800611.3999999985
1781740800000,0.6717,0.6788,0.6184,0.6422,60908681.799999997
1781827200000,0.6422,0.6493,0.6128,0.6336,41115489.299999997
1781913600000,0.6336,0.6496,0.6221,0.6455,34716277
1782000000000,0.6456,0.6666,0.6431,0.6474,32988826.5
1782086400000,0.6474,0.6859,0.6466,0.6613,41503802.700000003
1782172800000,0.6613,0.6616,0.6146,0.6455,31296144.1000000015
1782259200000,0.6456,0.6555,0.587,0.6309,50111491.3999999985
1782345600000,0.631,0.6385,0.5701,0.594,62821134.8999999985
1782432000000,0.594,0.614,0.5675,0.5979,41591488.6000000015
1782518400000,0.598,0.6084,0.5767,0.5807,23389436.8000000007
1782604800000,0.5806,0.5906,0.563,0.5741,27738545.6999999993
1782691200000,0.5741,0.5964,0.565,0.5807,35610976.3999999985
1782777600000,0.5806,0.5806,0.5537,0.5714,38399160.6000000015
1782864000000,0.5714,0.6035,0.5579,0.5861,40445166.6000000015
1782950400000,0.5861,0.6256,0.583,0.6089,38413725.799999997
1783036800000,0.6089,0.6448,0.6072,0.6373,32005477.5
1783123200000,0.6372,0.6463,0.6213,0.6274,19044377.3000000007
1783209600000,0.6274,0.641,0.6113,0.6331,24586280.8999999985
1783296000000,0.6332,0.6452,0.6014,0.6313,33773603.700000003
1783382400000,0.6314,0.6514,0.6183,0.6282,57417685.700000003
1783468800000,0.6282,0.6351,0.5936,0.6158,58532404.299999997
1783555200000,0.6158,0.6374,0.6129,0.6248,25847546.3999999985
1783641600000,0.6248,0.637,0.6176,0.6296,23363003.8999999985
1783728000000,0.6296,0.647,0.6224,0.624,21969393.3999999985
1783814400000,0.6239,0.63,0.6043,0.6103,23958643.6999999993
1783900800000,0.6102,0.6198,0.5763,0.5917,38668387.799999997
1783987200000,0.5918,0.6284,0.5892,0.6197,29587893.1000000015
1784073600000,0.6198,0.6323,0.6107,0.6234,24306629.8000000007
1784160000000,0.6235,0.6254,0.6012,0.6098,29782519.1000000015
1784246400000,0.6097,0.6217,0.5912,0.6216,28368291.6000000015
1784332800000,0.6217,0.6277,0.6017,0.6084,20604995.3999999985
1784419200000,0.6083,0.6106,0.5887,0.5955,17465692.5
1784505600000,0.5955,0.6075,0.5792,0.6052,39157068.700000003
1784592000000,0.6051,0.6205,0.596,0.6098,25472652.1000000015
1784678400000,0.6097,0.6298,0.6001,0.6229,27978377.1000000015
1784764800000,0.6229,0.6333,0.6052,0.6176,30910531.5
1784851200000,0.6175,0.6283,0.597,0.601,32543449.3000000007
1784937600000,0.601,0.6168,0.5927,0.611,17429696.6999999993
1785024000000,0.611,0.6379,0.6053,0.6283,29875213.5
1785110400000,0.6282,0.633,0.5888,0.5921,32605452.8000000007
1785196800000,0.5922,0.5929,0.5735,0.5867,29548013.5
1785283200000,0.5867,0.5901,0.55,0.564,54292084.6000000015
1785369600000,0.5639,0.5837,0.5602,0.5687,21784399.1999999993
1785456000000,0.5687,0.5764,0.5512,0.5563,24679750.5
